,Label,totalWordsCount,JJS,NN,NNS,PDT,RB,RBR,RP,TOs,WP,questionmarks,exclamationmarks,semicolon,colon,ellipsis,pronouns1st,pronouns2nd,sentence1st,sentencelast,txtcomplexity,site
0,objective,109,0,0,0,0,0,0,0,0,0,0,0,0,0,0,0,0,0,1,18,msn.foxsports.com
1,objective,309,0,1,0,0,0,0,1,0,0,0,0,0,5,0,1,0,1,1,14,msn.foxsports.com
2,objective,149,0,1,0,0,0,0,0,0,0,0,0,0,0,0,0,0,1,1,18,uk.eurosport.yahoo.com
3,objective,305,0,2,0,0,1,0,2,0,0,0,0,0,0,0,0,0,1,1,20,uk.eurosport.yahoo.com
4,objective,491,0,1,0,0,1,0,0,0,0,0,0,0,0,0,0,0,1,1,24,uk.eurosport.yahoo.com
5,objective,314,0,1,1,0,0,0,0,0,0,1,0,0,0,0,0,0,1,1,18,msn.foxsports.com
6,objective,314,0,3,0,0,0,0,0,0,0,0,0,0,8,0,3,0,1,1,31,uk.eurosport.yahoo.com
7,objective,462,0,1,0,0,0,0,3,0,0,0,0,0,0,0,2,2,1,1,17,msn.foxsports.com
8,objective,808,0,7,0,0,0,0,8,0,0,0,0,0,0,0,1,2,1,1,17,msn.foxsports.com
9,subjective,2245,0,6,0,7,3,0,0,0,0,2,0,0,1,0,11,10,1,1,17,msn.foxsports.com
10,objective,860,0,2,0,0,4,1,0,0,2,0,0,0,0,0,0,0,1,1,24,msn.foxsports.com
11,objective,497,0,11,0,0,0,0,4,0,0,0,0,0,0,0,0,2,1,1,17,msn.foxsports.com
12,objective,106,0,0,0,0,0,0,0,0,0,0,0,0,0,0,0,0,1,1,10,msn.foxsports.com
13,objective,792,0,4,0,0,0,0,0,0,0,0,0,0,0,0,0,0,1,1,23,msn.foxsports.com
14,subjective,1051,0,4,0,0,3,1,0,0,0,4,0,0,5,0,5,1,1,1,22,msn.foxsports.com
15,objective,246,0,0,0,0,0,0,3,0,0,0,0,0,0,0,0,0,1,1,10,msn.foxsports.com
16,objective,614,0,5,0,0,1,0,0,0,0,0,0,1,1,0,0,0,1,1,20,msn.foxsports.com
17,objective,143,0,0,0,0,0,0,0,0,0,0,0,0,0,0,0,0,1,1,14,msn.foxsports.com
18,objective,246,0,1,0,4,1,0,0,0,0,0,0,0,0,0,0,0,1,1,27,msn.foxsports.com
19,objective,293,0,0,0,1,0,0,0,0,0,0,0,0,0,0,5,0,1,1,26,msn.foxsports.com
20,objective,1367,0,9,1,15,3,0,1,0,0,1,0,2,2,0,17,9,1,1,34,msn.foxsports.com
21,objective,845,0,6,1,0,2,1,8,0,1,1,0,0,4,0,13,0,1,1,17,msn.foxsports.com
22,objective,112,0,2,0,0,0,0,0,0,0,0,0,0,0,0,0,0,1,1,12,msn.foxsports.com
23,objective,204,0,3,0,5,1,0,0,0,0,0,0,0,0,0,0,0,1,1,25,msn.foxsports.com
24,objective,177,0,0,0,2,0,0,0,0,0,1,0,0,0,0,1,1,1,1,16,msn.foxsports.com
25,objective,253,0,7,0,0,0,0,1,0,0,0,0,0,1,0,0,0,1,1,16,msn.foxsports.com
26,objective,1122,0,7,1,0,0,1,1,0,0,1,0,0,3,0,5,14,1,1,22,www.foxsportswest.com
27,objective,653,0,0,0,0,2,0,4,0,0,0,0,0,4,0,8,0,1,1,16,www.foxsportswisconsin.com
28,objective,985,0,2,0,0,0,0,9,0,0,0,0,0,3,0,3,6,1,1,18,www.foxsportswisconsin.com
29,subjective,1169,0,3,1,6,4,0,1,0,0,1,0,0,0,0,3,20,1,1,21,www.nba.com
30,objective,513,0,4,2,2,1,0,0,0,0,0,0,0,4,0,3,4,0,1,19,www.thesun.co.uk
31,objective,853,0,2,0,0,0,0,0,0,0,1,0,0,0,0,0,2,1,1,22,www.foxsports.com.au
32,objective,552,0,1,0,0,0,0,0,0,0,0,0,1,3,0,0,0,1,1,24,uk.eurosport.yahoo.com
33,objective,404,0,3,0,0,0,0,5,0,0,0,0,0,0,0,2,0,1,1,21,www.espn.co.uk
34,objective,65,0,0,0,0,1,0,0,0,0,0,0,0,0,0,0,0,1,1,13,www.bbc.co.uk
35,objective,395,0,0,0,0,2,0,0,0,0,0,0,0,0,0,0,0,1,1,19,www.sportinglife.com
36,objective,116,0,0,0,0,0,0,2,0,0,0,0,0,0,0,3,0,1,1,9,www1.skysports.com
37,objective,573,0,13,0,0,0,0,3,0,0,0,0,0,1,0,3,0,0,1,19,www.nba.com
38,objective,272,0,4,0,0,0,0,0,0,0,0,1,0,16,0,0,0,1,1,20,www.nba.com
39,objective,227,0,2,0,0,1,0,2,0,0,0,0,0,0,0,0,0,1,1,17,msn.foxsports.com
40,objective,575,0,0,1,0,1,1,0,0,0,0,0,0,0,0,0,0,1,1,22,www.foxsportsohio.com
41,objective,382,0,3,0,0,0,0,0,1,0,0,0,0,1,0,0,0,1,1,23,www.foxsportswest.com
42,objective,294,0,2,0,0,0,0,2,0,0,0,0,0,3,0,0,2,1,1,10,edition.cnn.com
43,objective,894,0,0,0,9,1,1,0,0,0,0,0,0,6,0,0,0,1,1,29,uk.eurosport.yahoo.com
44,objective,176,0,2,0,0,0,0,2,0,0,0,1,0,3,0,0,0,1,1,12,uk.eurosport.yahoo.com
45,objective,182,0,0,0,0,1,1,1,0,0,0,0,0,1,0,0,0,1,1,18,uk.eurosport.yahoo.com
46,objective,93,0,1,0,0,0,0,1,0,0,0,0,0,0,0,0,0,1,1,11,uk.eurosport.yahoo.com
47,objective,269,0,1,0,0,0,0,2,0,0,0,0,0,3,0,0,0,1,1,14,uk.eurosport.yahoo.com
48,objective,71,0,2,0,0,0,0,0,0,0,0,0,0,0,0,0,0,1,1,11,msn.foxsports.com
49,objective,585,0,12,0,0,2,0,0,0,0,0,0,2,0,0,0,0,1,1,20,msn.foxsports.com
50,objective,186,0,5,0,0,0,0,1,0,0,0,0,0,3,0,0,0,1,1,15,msn.foxsports.com
51,objective,234,0,0,0,0,0,0,3,0,0,0,0,0,2,0,4,0,1,1,11,msn.foxsports.com
52,objective,683,0,5,1,2,0,0,0,0,0,0,0,0,1,0,4,0,1,1,28,dailystar.com.lb
53,objective,106,0,0,0,0,0,0,0,0,0,0,0,0,0,0,0,0,1,1,21,web.orange.co.uk
54,objective,661,0,12,1,0,4,0,4,0,0,0,0,0,1,0,3,0,1,1,14,msn.foxsports.com
55,objective,136,0,1,0,0,0,0,0,0,0,0,0,0,13,0,0,0,1,1,9,msn.foxsports.com
56,objective,246,0,0,0,0,0,0,3,0,0,0,0,0,4,0,0,0,1,1,5,msn.foxsports.com
57,objective,411,0,2,0,0,0,0,1,0,0,0,0,0,0,0,0,0,1,1,14,edition.cnn.com
58,objective,917,0,14,0,0,0,0,14,0,0,0,0,0,5,0,6,1,1,1,13,msn.foxsports.com
59,objective,307,0,2,0,6,2,0,0,0,0,0,1,1,0,0,0,0,1,1,17,msn.foxsports.com
60,objective,1065,0,7,0,0,0,0,3,0,0,0,0,0,0,0,1,2,1,1,19,msn.foxsports.com
61,objective,1386,0,11,0,0,0,1,6,0,0,0,0,0,0,0,4,3,1,1,19,msn.foxsports.com
62,objective,730,0,8,0,8,1,1,0,0,0,0,0,0,0,0,4,1,1,1,27,www.nba.com
63,objective,268,0,3,0,3,0,0,0,0,0,0,0,0,1,0,1,0,1,1,29,www.dailystar.co.uk
64,objective,488,0,5,0,0,0,0,10,0,0,3,0,0,1,0,5,0,1,1,12,msn.foxsports.com
65,objective,1766,0,2,1,0,1,0,9,0,0,5,0,1,0,0,18,3,1,1,12,msn.foxsports.com
66,objective,206,0,0,0,2,1,0,0,0,0,0,0,0,2,0,2,0,1,1,29,www.dailystar.co.uk
67,objective,198,0,0,0,0,2,0,0,0,0,0,0,0,0,0,4,3,1,1,19,uk.eurosport.yahoo.com
68,objective,83,0,0,0,0,0,0,1,0,0,0,0,0,0,0,0,0,1,1,13,www.bbc.co.uk
69,objective,400,0,2,1,0,2,0,6,0,0,0,0,0,0,0,2,0,1,1,12,msn.foxsports.com
70,objective,151,0,1,0,0,0,0,0,0,0,0,0,0,2,0,0,0,0,1,11,www.football365.com
71,objective,99,0,0,0,0,0,0,0,0,0,0,0,0,0,0,0,0,1,1,11,msn.foxsports.com
72,objective,138,0,0,0,0,0,0,0,0,0,0,0,0,0,0,0,0,1,1,15,msn.foxsports.com
73,objective,262,0,0,0,0,0,0,0,0,0,0,0,0,0,0,4,0,1,1,52,msn.foxsports.com
74,objective,530,0,1,0,0,0,0,0,0,0,0,0,0,0,0,4,0,1,1,19,www.wnba.com
75,objective,143,0,1,0,2,0,0,0,0,0,0,0,0,1,0,2,0,1,1,20,www.dailystar.co.uk
76,objective,245,0,2,0,0,0,1,2,0,0,0,0,0,1,0,0,0,1,1,13,www.football365.com
77,objective,1197,0,7,0,0,1,0,19,0,0,0,0,0,1,0,6,1,1,1,15,msn.foxsports.com
78,objective,147,0,1,0,0,0,0,0,0,0,0,0,0,0,0,0,0,1,1,18,msn.foxsports.com
79,objective,47,0,0,0,0,0,0,0,0,0,0,0,0,0,0,0,0,1,1,9,www.dailystar.co.uk
80,objective,142,0,2,0,0,0,0,0,0,0,0,0,0,0,0,0,0,1,1,15,msn.foxsports.com
81,objective,487,0,3,0,0,0,0,6,0,0,0,0,0,8,0,2,0,1,0,15,msn.foxsports.com
82,objective,179,0,1,0,0,0,0,0,0,0,0,0,0,1,0,0,0,1,1,17,msn.foxsports.com
83,objective,224,0,0,0,2,0,0,0,0,0,0,0,0,3,0,0,2,1,1,37,www.dailystar.co.uk
84,objective,306,0,0,0,0,1,0,1,0,1,0,0,0,0,0,1,0,1,1,19,msn.foxsports.com
85,objective,684,0,4,0,0,1,0,5,0,0,0,0,0,4,0,3,0,0,1,18,msn.foxsports.com
86,objective,107,0,0,0,0,0,0,0,0,0,0,0,0,0,0,0,0,1,1,8,www.dailystar.co.uk
87,objective,310,0,4,0,1,0,0,1,0,0,0,0,0,1,0,0,0,1,1,17,msn.foxsports.com
88,objective,365,0,3,0,0,0,0,3,0,0,0,0,0,0,0,3,1,1,1,15,msn.foxsports.com
89,objective,173,0,3,0,0,0,0,0,0,0,0,0,0,0,0,0,0,1,1,15,msn.foxsports.com
90,objective,450,0,8,0,6,0,0,2,0,0,0,0,0,0,0,2,0,1,1,16,msn.foxsports.com
91,objective,118,0,1,0,0,0,0,1,0,0,1,0,0,0,0,0,1,1,1,11,msn.foxsports.com
92,subjective,640,0,3,2,5,1,0,0,0,0,0,0,0,2,0,4,1,1,1,23,msn.foxsports.com
93,objective,343,0,8,1,7,0,2,0,1,0,0,1,0,0,0,1,1,1,1,13,msn.foxsports.com
94,objective,152,0,0,1,2,0,0,0,0,0,0,0,0,2,0,0,0,1,1,21,www.dailystar.co.uk
95,objective,744,0,2,2,12,0,1,0,0,0,1,0,0,0,0,2,8,1,1,31,dailystar.com.lb
96,objective,188,0,0,0,0,0,0,0,0,0,0,0,0,0,0,0,0,1,1,17,edition.cnn.com
97,subjective,930,0,0,0,2,0,0,0,0,0,0,0,0,1,0,2,13,1,1,21,www.nba.com
98,objective,242,0,0,0,0,0,0,1,0,0,1,0,0,2,0,0,0,1,1,15,www.foxsportssouthwest.com
99,objective,941,0,3,2,0,2,1,7,0,0,0,0,0,2,0,1,0,1,1,18,msn.foxsports.com
100,objective,624,0,7,1,1,1,1,1,0,0,2,0,0,0,0,9,3,1,1,20,msn.foxsports.com
101,objective,474,0,5,1,1,2,0,0,0,0,1,0,0,2,0,15,0,1,1,33,www.dailystar.co.uk
102,objective,201,0,1,1,0,0,0,1,0,0,0,1,0,0,0,1,1,1,1,15,msn.foxsports.com
103,objective,211,0,2,0,0,0,0,0,0,0,0,1,0,0,0,0,0,1,1,23,uk.eurosport.yahoo.com
104,objective,360,0,2,0,3,0,0,0,0,0,0,0,0,0,0,0,0,1,1,25,hangtime.blogs.nba.com
105,objective,749,0,8,0,0,2,0,8,0,0,0,0,0,5,0,15,1,1,1,14,msn.foxsports.com
106,objective,88,0,0,0,0,0,0,0,0,0,0,0,0,0,0,0,0,1,1,17,www.independent.co.uk
107,objective,648,0,3,0,0,3,0,9,0,0,0,0,0,0,0,2,1,1,1,14,articles.latimes.com
108,objective,140,0,0,0,0,0,0,0,0,0,0,0,0,0,0,0,0,1,1,11,msn.foxsports.com
109,objective,284,0,3,0,0,0,0,0,0,0,0,0,0,0,0,0,0,1,1,18,edition.cnn.com
110,objective,514,0,4,1,0,0,0,6,1,0,0,0,1,0,0,3,0,1,1,19,msn.foxsports.com
111,objective,732,0,10,1,0,2,0,8,0,0,0,0,0,3,0,1,0,1,1,15,msn.foxsports.com
112,objective,225,0,2,0,0,0,0,0,0,0,0,0,0,0,0,0,0,0,1,17,www.nba.com
113,objective,953,0,6,0,0,2,0,5,0,0,0,0,0,2,0,3,1,1,1,20,msn.foxsports.com
114,objective,326,0,1,0,0,0,0,1,0,0,0,0,0,1,0,0,0,1,1,25,www.football365.com
115,objective,404,0,2,2,5,1,0,1,0,0,0,0,0,3,0,9,1,1,1,26,www.dailystar.co.uk
116,objective,245,0,5,0,0,0,0,1,0,0,0,0,0,1,0,0,0,1,1,17,uk.eurosport.yahoo.com
117,objective,124,0,2,0,0,0,0,1,0,0,0,0,0,2,0,0,0,1,1,10,msn.foxsports.com
118,objective,212,0,5,0,0,0,0,0,0,0,0,0,0,0,0,0,0,1,1,12,msn.foxsports.com
119,objective,137,0,1,0,0,0,0,1,0,0,0,0,0,1,0,0,0,1,1,19,msn.foxsports.com
120,objective,592,0,1,0,0,2,1,1,0,0,0,0,2,0,0,7,2,1,1,24,msn.foxsports.com
121,objective,627,0,0,0,0,1,0,8,0,0,0,0,0,1,0,7,2,1,1,16,msn.foxsports.com
122,subjective,878,0,0,0,3,4,0,0,0,0,2,0,0,4,0,5,12,0,1,21,www.dailystar.co.uk
123,objective,132,0,0,0,0,0,0,1,0,0,0,0,0,1,0,0,0,1,1,8,www.football365.com
124,objective,133,0,1,0,0,0,0,0,0,0,0,0,0,0,0,0,0,1,1,11,msn.foxsports.com
125,objective,150,0,1,0,0,0,1,0,0,0,0,0,0,0,0,0,0,1,1,16,msn.foxsports.com
126,objective,718,0,2,0,0,1,0,3,0,0,0,0,0,7,0,1,0,1,1,28,www.bbc.co.uk
127,objective,313,0,0,0,6,0,0,1,0,0,0,0,0,2,0,2,0,1,1,26,www.dailystar.co.uk
128,objective,388,0,2,0,0,1,0,6,0,0,1,0,0,0,0,1,0,1,1,12,msn.foxsports.com
129,objective,128,0,1,0,0,0,0,0,0,0,0,0,0,1,0,0,0,1,1,21,msn.foxsports.com
130,objective,782,0,3,0,0,0,0,6,0,0,0,0,0,2,0,9,2,1,1,15,msn.foxsports.com
131,objective,140,0,0,0,0,0,1,0,0,0,0,0,0,0,0,0,0,1,1,17,msn.foxsports.com
132,subjective,770,0,5,0,4,0,0,0,0,0,4,2,1,0,0,1,1,1,1,16,manutd.theoffside.com
133,objective,1047,0,6,0,0,1,0,11,0,0,0,0,0,5,0,3,0,1,1,18,msn.foxsports.com
134,objective,281,0,1,0,0,0,0,1,0,2,0,0,0,2,0,0,0,1,1,10,www.sportinglife.com
135,objective,1320,0,4,1,0,0,1,6,0,1,0,0,0,0,0,0,0,1,1,20,msn.foxsports.com
136,objective,328,0,4,0,0,0,0,2,0,0,0,0,0,0,0,0,1,1,1,13,www.foxsportsohio.com
137,objective,694,0,7,0,4,0,0,3,0,1,0,0,0,0,0,2,0,1,1,24,msn.foxsports.com
138,objective,853,0,1,2,0,2,0,7,0,0,1,1,1,1,0,2,1,1,1,21,msn.foxsports.com
139,objective,820,0,2,1,0,2,0,0,0,0,0,0,0,0,0,13,3,1,1,21,www.walesonline.co.uk
140,objective,647,0,0,0,0,2,0,5,0,0,1,0,0,1,0,3,1,1,1,16,msn.foxsports.com
141,objective,800,0,1,0,0,0,0,8,0,0,0,0,0,0,0,2,3,1,1,16,msn.foxsports.com
142,objective,212,0,1,0,0,1,0,0,0,0,0,0,0,0,0,0,0,1,1,15,msn.foxsports.com
143,objective,702,0,1,0,1,1,0,0,0,0,1,0,2,8,0,0,0,1,1,19,msn.foxsports.com
144,objective,1412,0,12,0,19,1,0,0,0,0,1,6,0,1,0,11,7,1,1,20,msn.foxsports.com
145,objective,94,0,1,0,0,0,0,0,0,0,0,0,0,0,0,0,0,1,1,10,msn.foxsports.com
146,objective,114,0,1,0,0,0,0,0,0,0,0,0,0,0,0,2,0,1,1,8,www.football365.com
147,subjective,540,0,1,0,3,2,0,0,0,0,1,2,1,3,0,3,7,1,1,23,www.sport24.co.za
148,objective,275,0,0,1,0,0,0,1,0,0,0,0,0,2,0,2,1,1,1,16,www.guardian.co.uk
149,objective,136,0,0,0,0,0,0,0,0,0,0,0,0,0,0,0,0,1,1,19,www.sportinglife.com
150,objective,752,0,7,0,0,2,0,10,0,0,0,0,0,3,0,12,3,1,1,13,msn.foxsports.com
151,objective,852,0,2,1,0,1,0,6,0,1,0,0,1,4,0,0,5,1,1,17,msn.foxsports.com
152,objective,290,0,2,0,1,1,0,3,0,0,0,0,0,3,0,7,1,1,1,17,www.dailystar.co.uk
153,objective,322,0,5,0,0,0,0,1,0,0,0,0,1,0,0,0,0,1,1,20,www.somersetcountygazette.co.uk
154,objective,145,0,1,0,0,0,0,0,0,0,0,0,0,0,0,0,0,1,1,18,msn.foxsports.com
155,objective,115,0,4,0,0,0,0,0,0,0,0,0,0,1,0,0,0,1,1,16,www.football365.com
156,objective,317,0,3,0,0,1,0,0,0,0,0,0,0,1,0,0,0,1,1,10,msn.foxsports.com
157,objective,312,0,9,0,5,0,0,0,0,0,1,0,0,0,0,0,0,1,1,15,msn.foxsports.com
158,objective,160,0,0,0,0,0,0,0,0,0,0,0,0,1,0,0,0,1,1,26,msn.foxsports.com
159,objective,84,0,0,0,0,0,0,0,0,0,0,0,0,0,0,0,0,1,1,14,msn.foxsports.com
160,subjective,832,0,0,1,0,0,0,0,1,0,0,5,0,6,0,4,10,1,1,20,espn.go.com
161,objective,303,0,1,0,0,0,0,0,0,0,0,0,0,1,0,0,0,1,1,14,www.sportinglife.com
162,objective,149,0,3,0,0,0,0,0,0,0,0,0,0,0,0,0,0,1,1,14,msn.foxsports.com
163,objective,1933,0,3,0,15,4,0,0,0,0,2,0,0,3,0,20,13,1,1,42,msn.foxsports.com
164,objective,692,0,3,1,0,1,2,0,0,0,3,0,0,3,0,14,1,1,1,16,msn.foxsports.com
165,objective,582,0,3,1,3,1,2,0,0,0,2,0,0,3,0,10,1,1,1,21,www.dailystar.co.uk
166,objective,101,0,0,0,1,0,0,0,0,0,0,0,0,0,0,0,0,1,1,12,www.talksport.co.uk
167,objective,96,0,0,0,0,0,0,0,0,0,0,0,0,0,0,0,0,1,1,16,msn.foxsports.com
168,objective,94,0,1,0,0,0,0,0,0,0,0,0,0,0,0,0,0,1,1,11,msn.foxsports.com
169,objective,147,0,1,0,0,0,0,1,0,0,0,0,0,0,0,4,0,1,1,16,msn.foxsports.com
170,objective,146,0,1,0,0,0,0,0,0,0,0,0,0,0,0,0,0,0,1,14,msn.foxsports.com
171,objective,206,0,1,0,0,0,0,1,0,0,0,0,0,4,0,0,0,1,1,13,www.football365.com
172,objective,743,0,4,1,0,2,0,7,0,0,0,0,0,0,0,4,3,1,1,16,msn.foxsports.com
173,objective,944,0,5,0,0,4,0,8,0,0,1,0,0,1,0,0,1,1,1,20,msn.foxsports.com
174,objective,215,0,1,0,0,0,1,0,0,0,1,0,0,1,0,1,1,1,1,14,manutd.theoffside.com
175,objective,142,0,0,0,0,0,0,0,0,0,0,0,0,0,0,0,0,1,1,17,msn.foxsports.com
176,objective,351,0,2,0,0,0,0,2,0,0,0,0,0,1,0,0,5,1,1,18,msn.foxsports.com
177,objective,126,0,3,0,0,0,0,1,0,0,0,0,0,3,0,0,0,1,1,7,www.football365.com
178,objective,142,0,3,0,0,0,0,0,0,0,0,0,0,0,0,0,0,1,1,14,www.nba.com
179,objective,156,0,0,0,0,0,0,0,0,0,0,0,0,0,0,0,0,1,1,19,www.dailystar.co.uk
180,objective,586,0,7,1,0,0,0,6,0,0,2,0,0,0,0,3,0,1,1,13,msn.foxsports.com
181,objective,456,0,1,0,3,0,0,1,0,2,0,0,0,4,0,6,2,1,1,25,www.dailystar.co.uk
182,objective,249,0,1,0,1,0,0,1,0,0,0,0,0,2,0,0,0,1,1,20,www.dailystar.co.uk
183,objective,932,0,9,1,12,0,0,0,0,0,0,0,0,3,0,4,0,1,1,18,msn.foxsports.com
184,objective,430,0,0,0,0,0,0,4,0,2,0,0,0,1,0,1,2,1,1,13,msn.foxsports.com
185,objective,285,0,0,0,0,0,1,0,0,0,0,0,0,0,0,0,0,1,1,21,msn.foxsports.com
186,objective,390,0,0,2,1,0,0,0,0,0,0,0,0,0,0,7,0,1,1,24,msn.foxsports.com
187,objective,688,0,6,0,0,0,0,4,0,0,2,1,0,2,0,1,1,1,1,19,msn.foxsports.com
188,objective,1237,0,0,0,7,1,0,0,0,0,1,0,0,10,0,5,2,1,1,21,thefarmclub.net
189,objective,611,0,7,0,0,0,0,4,0,0,0,0,0,5,0,7,0,1,1,14,msn.foxsports.com
190,objective,594,0,7,0,0,0,1,3,0,0,0,0,0,1,0,2,1,1,1,20,www.foxsportsarizona.com
191,objective,85,0,1,0,0,0,0,0,0,0,0,0,0,0,0,0,0,1,1,14,msn.foxsports.com
192,objective,223,0,3,0,0,0,0,0,0,0,0,1,0,0,0,0,0,1,1,14,uk.eurosport.yahoo.com
193,objective,707,0,5,0,14,1,1,0,0,0,0,0,0,0,0,3,4,1,1,29,www.foxsportsflorida.com
194,objective,971,0,16,0,12,0,0,0,0,0,0,0,2,9,0,4,0,1,1,17,msn.foxsports.com
195,objective,202,0,0,0,0,0,0,0,0,0,0,0,0,0,0,0,0,1,1,15,msn.foxsports.com
196,objective,181,0,1,0,0,0,0,0,0,0,0,0,0,0,0,0,0,1,1,18,www.bbc.co.uk
197,objective,393,0,4,0,0,0,0,0,0,0,0,0,0,5,0,0,0,0,1,18,www.foxsportswest.com
198,objective,138,0,2,0,0,0,0,0,0,0,0,0,0,0,0,0,0,1,1,17,www.dailystar.co.uk
199,objective,1001,0,7,0,0,1,1,7,0,0,1,0,0,0,0,5,3,1,1,16,www.foxsportsmidwest.com
200,objective,288,0,1,0,0,0,0,1,0,0,0,0,0,2,0,0,0,1,1,13,www.dailystar.co.uk
201,objective,201,0,1,0,0,0,0,4,0,0,0,0,0,1,0,1,0,1,1,13,msn.foxsports.com
202,objective,140,0,1,0,0,0,0,0,0,0,0,0,0,0,0,0,0,1,1,12,msn.foxsports.com
203,objective,514,0,4,1,0,0,0,5,0,0,0,0,0,3,0,0,0,1,1,18,www.bbc.co.uk
204,objective,157,0,3,0,2,0,0,0,0,0,1,0,0,0,0,0,0,1,1,13,msn.foxsports.com
205,objective,711,0,1,0,2,3,2,0,0,0,0,0,0,0,0,9,5,1,1,22,msn.foxsports.com
206,objective,922,0,10,0,0,0,0,11,0,1,0,0,0,0,0,8,2,1,1,15,msn.foxsports.com
207,objective,222,0,3,0,2,0,0,0,0,0,1,0,0,0,0,0,1,0,1,18,msn.foxsports.com
208,objective,722,0,1,0,0,0,0,7,0,1,0,0,0,0,0,3,0,1,1,18,msn.foxsports.com
209,objective,784,0,1,0,0,0,0,8,0,0,0,0,0,1,0,3,0,1,1,16,msn.foxsports.com
210,objective,69,0,0,0,0,0,0,0,0,0,0,0,0,0,0,0,0,1,1,17,msn.foxsports.com
211,objective,1360,0,3,0,24,6,0,0,0,0,0,0,1,10,0,0,0,1,1,21,msn.foxsports.com
212,objective,386,0,6,0,0,1,0,4,0,0,0,0,0,6,0,0,0,1,1,14,msn.foxsports.com
213,objective,537,0,6,0,0,0,0,1,0,0,0,0,0,0,0,2,0,1,1,19,www.nba.com
214,objective,754,0,7,0,0,2,1,8,0,0,0,0,0,0,0,19,3,1,1,14,msn.foxsports.com
215,objective,172,0,1,0,0,0,0,0,0,0,0,0,0,1,0,0,0,1,1,19,msn.foxsports.com
216,objective,230,0,0,0,0,0,0,1,0,0,0,0,0,1,0,1,0,0,1,19,uk.eurosport.yahoo.com
217,objective,913,0,6,3,0,2,0,5,0,0,0,0,3,0,0,10,4,1,1,19,msn.foxsports.com
218,objective,229,0,0,0,4,0,0,0,0,0,0,0,0,1,0,6,0,1,1,45,www.lutontoday.co.uk
219,objective,107,0,0,0,0,0,0,1,0,0,0,0,0,0,0,0,0,0,1,21,www.hoganstand.com
220,objective,298,0,1,0,0,1,0,2,0,0,0,0,0,0,0,0,0,1,1,18,www.espn.co.uk
221,objective,116,0,1,0,0,0,0,0,0,0,0,0,0,0,0,0,0,1,1,16,msn.foxsports.com
222,objective,287,0,2,0,5,1,0,0,0,0,0,0,0,2,0,8,2,1,0,31,www.dailystar.co.uk
223,objective,562,0,1,0,0,0,1,5,0,0,1,0,0,2,0,0,0,1,1,16,edition.cnn.com
224,objective,365,0,0,0,0,1,0,0,0,0,0,0,0,0,0,0,0,0,1,24,www.football365.com
225,objective,320,0,1,0,0,0,0,1,0,0,0,0,0,0,0,0,0,1,1,11,edition.cnn.com
226,objective,150,0,0,0,0,0,0,0,0,0,0,0,0,0,0,0,0,1,1,18,msn.foxsports.com
227,objective,1039,0,6,1,0,0,0,13,0,0,0,0,0,0,0,4,2,1,1,15,msn.foxsports.com
228,objective,962,0,4,0,0,1,0,10,0,1,1,0,0,5,0,5,2,1,1,16,msn.foxsports.com
229,objective,109,0,1,0,0,1,0,0,0,0,0,0,0,0,0,0,0,1,1,15,msn.foxsports.com
230,objective,449,0,0,1,0,4,0,7,0,0,0,0,0,0,0,1,0,1,1,10,www.montereyherald.com
231,objective,565,0,2,0,0,0,0,7,0,0,0,0,0,4,0,3,2,1,1,13,msn.foxsports.com
232,objective,262,0,5,0,0,1,0,1,0,0,0,0,0,0,0,3,0,0,1,18,uk.eurosport.yahoo.com
233,objective,197,0,1,1,0,0,0,0,0,0,1,0,0,0,0,2,0,1,1,17,msn.foxsports.com
234,objective,124,0,0,0,0,0,1,0,0,0,0,0,0,0,0,0,0,1,1,15,msn.foxsports.com
235,objective,234,0,4,0,0,0,0,1,0,0,0,0,0,1,0,1,0,1,1,19,uk.eurosport.yahoo.com
236,subjective,986,0,2,1,1,2,0,1,0,0,2,0,0,1,0,5,14,0,1,18,www.nba.com
237,objective,373,0,0,1,0,1,0,2,0,0,0,0,0,0,0,2,0,1,1,17,msn.foxsports.com
238,objective,216,0,2,0,0,1,0,1,0,0,0,0,0,0,0,0,0,1,1,12,uk.eurosport.yahoo.com
239,objective,588,0,3,0,0,0,0,10,0,0,1,0,0,2,0,6,0,1,1,13,www.foxsportsflorida.com
240,objective,611,0,4,0,3,1,0,0,0,0,0,0,0,1,0,0,0,0,1,20,dailystar.com.lb
241,objective,151,0,1,0,0,0,1,2,0,0,0,1,0,0,0,0,2,1,1,13,www.sportinglife.com
242,objective,866,0,4,0,4,0,0,3,0,0,0,1,0,1,0,7,1,1,1,18,msn.foxsports.com
243,objective,127,0,1,0,0,0,0,0,0,0,0,0,0,0,0,0,0,1,1,21,sportsillustrated.cnn.com
244,objective,130,0,0,0,0,0,2,0,0,0,0,0,0,0,0,0,0,1,1,16,msn.foxsports.com
245,objective,392,0,3,0,0,0,0,3,0,0,0,0,0,0,0,5,1,1,1,17,msn.foxsports.com
246,objective,1439,0,9,2,23,0,1,1,0,0,1,0,0,0,0,11,5,1,1,31,msn.foxsports.com
247,objective,276,0,3,0,3,0,0,0,0,0,0,1,0,2,0,8,2,1,1,39,www.dailystar.co.uk
248,objective,1352,0,4,0,9,1,1,0,0,0,2,0,0,3,0,8,3,1,1,21,msn.foxsports.com
249,objective,813,0,10,0,0,0,1,3,0,0,0,0,0,0,0,6,0,1,1,21,msn.foxsports.com
250,objective,346,0,3,0,0,1,0,5,0,0,0,0,0,3,0,0,0,1,1,21,msn.foxsports.com
251,objective,670,0,3,0,4,1,1,0,0,0,2,0,0,0,0,3,6,1,1,15,msn.foxsports.com
252,objective,594,0,2,0,0,0,0,0,0,0,0,0,0,0,0,2,0,1,1,34,www.bbc.co.uk
253,objective,245,0,3,0,0,0,0,2,0,0,0,0,0,0,0,0,0,1,1,17,www.bbc.co.uk
254,objective,247,0,0,0,0,1,0,1,0,0,0,0,0,0,0,0,0,1,1,13,msn.foxsports.com
255,objective,854,0,3,0,10,1,2,0,0,0,1,0,0,4,0,0,1,1,1,21,msn.foxsports.com
256,objective,1237,0,5,0,12,5,1,0,0,0,3,0,2,7,0,3,5,1,1,23,msn.foxsports.com
257,objective,105,0,1,0,0,1,0,1,0,0,0,0,0,1,0,0,0,1,1,13,msn.foxsports.com
258,objective,1132,0,1,0,0,1,0,0,0,0,1,0,0,12,0,46,12,1,1,13,www.nba.com
259,objective,355,0,1,0,0,3,0,0,0,0,0,0,0,0,0,0,0,1,1,27,www.football365.com
260,objective,257,0,1,0,1,0,0,0,0,0,0,0,0,0,0,0,0,1,1,14,www.wnba.com
261,objective,192,0,1,0,0,0,0,2,0,0,1,0,0,0,0,0,0,1,1,12,msn.foxsports.com
262,objective,244,0,0,0,0,0,0,0,0,0,0,0,0,1,0,1,0,1,1,20,edition.cnn.com
263,objective,879,0,0,0,0,2,0,9,0,0,2,0,0,3,0,9,2,1,1,16,msn.foxsports.com
264,objective,783,0,4,0,2,4,0,8,0,0,1,0,0,1,0,0,0,1,1,17,msn.foxsports.com
265,objective,100,0,0,0,0,0,0,1,0,0,0,0,0,0,0,1,0,1,1,9,www.football365.com
266,objective,273,0,1,0,0,0,0,0,0,0,1,0,0,5,0,0,0,1,1,16,edition.cnn.com
267,objective,258,0,1,0,0,1,0,1,0,0,0,0,0,1,0,3,0,1,1,23,msn.foxsports.com
268,objective,337,0,4,0,0,0,0,1,0,1,0,0,0,0,0,0,0,1,1,15,msn.foxsports.com
269,objective,221,0,1,0,0,0,0,1,0,0,0,0,0,0,0,1,0,1,1,17,msn.foxsports.com
270,objective,128,0,1,0,0,0,0,0,0,0,0,0,0,2,0,0,0,0,1,14,msn.foxsports.com
271,objective,771,0,5,0,0,0,0,9,0,0,0,0,0,4,0,6,1,1,1,15,msn.foxsports.com
272,objective,198,0,5,0,0,0,0,0,0,0,0,0,0,0,0,0,0,1,1,19,uk.eurosport.yahoo.com
273,objective,1039,0,3,1,10,4,0,0,0,0,0,0,1,0,0,7,15,1,1,25,www.nba.com
274,objective,1230,0,7,3,0,0,1,4,0,1,4,0,1,0,0,10,7,0,1,16,www.foxsportssouth.com
275,objective,877,0,4,1,0,2,1,7,0,0,0,0,0,2,0,1,5,1,1,20,www.foxsportssouth.com
276,objective,615,0,1,0,0,0,0,7,0,0,1,0,0,2,0,3,1,1,1,16,msn.foxsports.com
277,objective,159,0,2,0,0,0,0,0,0,0,0,0,0,4,0,0,0,1,1,17,msn.foxsports.com
278,objective,646,0,5,0,0,0,0,4,0,0,0,0,0,0,0,0,0,0,1,12,msn.foxsports.com
279,objective,599,0,3,0,0,1,0,0,0,0,2,2,0,0,0,1,2,1,1,23,www.football365.com
280,objective,331,0,3,0,0,0,0,1,0,0,0,0,0,0,0,2,0,1,1,18,www.foxsportssouthwest.com
281,objective,171,0,2,0,0,0,1,2,0,0,0,0,0,2,0,0,0,1,1,15,www.bbc.co.uk
282,subjective,1483,0,9,1,16,2,1,0,0,0,4,0,0,8,0,3,7,1,1,12,msn.foxsports.com
283,objective,340,0,5,0,0,0,0,2,0,0,0,0,0,0,0,2,0,1,1,17,www.foxsportssouthwest.com
284,objective,1174,0,1,1,2,0,0,0,0,0,0,4,0,1,0,25,9,1,1,17,msn.foxsports.com
285,objective,740,0,5,0,0,0,1,8,0,0,0,0,0,0,0,9,0,1,1,18,www.foxsportscarolinas.com
286,objective,269,0,3,0,1,0,0,0,0,0,2,0,0,1,0,0,1,1,1,19,msn.foxsports.com
287,objective,124,0,2,0,0,0,0,0,0,0,0,0,0,0,0,0,0,1,1,13,www.football365.com
288,objective,155,0,4,0,0,0,0,0,0,0,1,0,0,0,0,0,0,1,1,12,msn.foxsports.com
289,objective,651,0,1,0,0,2,0,5,0,0,3,0,0,1,0,0,4,1,1,14,www.foxsportsohio.com
290,objective,188,0,4,0,1,0,0,0,0,0,0,0,0,0,0,0,0,1,1,13,msn.foxsports.com
291,objective,784,0,3,0,0,3,0,9,0,0,1,0,0,1,0,2,4,1,1,16,msn.foxsports.com
292,objective,1351,0,16,0,13,5,0,1,0,0,0,0,0,0,0,26,2,1,1,33,msn.foxsports.com
293,objective,341,0,3,0,1,0,1,0,0,0,0,0,0,2,0,0,0,0,0,18,msn.foxsports.com
294,objective,547,0,0,0,0,0,0,4,0,0,0,0,0,0,0,2,0,0,1,17,msn.foxsports.com
295,objective,480,0,0,0,3,0,0,0,0,0,0,0,0,2,0,4,0,1,1,60,www.caribjournal.com
296,objective,86,0,1,0,0,0,0,1,0,0,0,0,0,0,0,0,0,1,1,17,msn.foxsports.com
297,objective,706,0,1,0,0,2,1,5,0,0,0,0,0,0,0,10,0,1,1,20,msn.foxsports.com
298,objective,433,0,4,1,1,0,0,1,0,0,1,0,0,0,0,0,0,1,1,15,msn.foxsports.com
299,objective,120,0,2,0,0,0,0,0,0,0,0,0,0,0,0,0,0,1,1,20,msn.foxsports.com
300,objective,441,0,2,0,0,1,0,0,0,0,0,1,0,0,0,0,0,0,1,19,uk.eurosport.yahoo.com
301,objective,764,0,8,0,0,1,3,11,0,1,0,0,0,0,0,3,1,1,1,14,msn.foxsports.com
302,objective,75,0,0,0,0,0,0,0,0,0,0,0,0,0,0,0,0,1,1,15,msn.foxsports.com
303,objective,677,0,1,0,0,2,0,0,0,0,1,0,0,0,0,4,2,1,1,14,blogs.telegraph.co.uk
304,objective,496,0,3,0,0,2,0,10,0,0,0,0,0,0,0,3,6,0,1,16,msn.foxsports.com
305,objective,550,0,4,0,0,1,1,1,0,0,0,0,0,2,0,0,0,1,1,21,msn.foxsports.com
306,objective,138,0,2,0,0,0,1,0,0,0,0,0,0,0,0,0,0,1,1,13,msn.foxsports.com
307,objective,114,0,1,0,0,0,0,0,0,0,0,0,0,0,0,0,0,1,1,14,msn.foxsports.com
308,objective,964,0,2,1,0,3,4,0,0,0,0,0,0,1,0,1,0,1,1,26,www.wnba.com
309,objective,225,0,1,0,3,0,0,0,0,0,0,0,0,2,0,1,0,1,1,18,www.dailystar.co.uk
310,objective,230,0,0,0,0,0,0,1,0,0,0,0,0,1,0,0,0,1,1,19,uk.eurosport.yahoo.com
311,objective,740,0,3,0,8,1,1,0,0,0,0,0,0,1,0,7,0,1,1,30,msn.foxsports.com
312,objective,93,0,2,0,0,0,0,0,0,0,0,0,0,1,0,0,0,1,1,15,www.dailystar.co.uk
313,objective,590,0,3,1,0,2,0,11,0,0,0,0,0,0,0,10,2,1,1,13,msn.foxsports.com
314,objective,353,0,3,0,0,3,0,0,0,0,0,0,2,0,0,0,0,1,1,14,msn.foxsports.com
315,objective,954,0,10,0,10,4,0,2,0,0,0,0,0,0,0,9,1,1,1,24,www.nytimes.com
316,objective,2636,0,7,0,20,2,1,0,1,0,4,1,0,5,0,2,18,1,1,14,msn.foxsports.com
317,objective,697,0,5,0,0,1,0,8,0,0,0,0,0,2,0,7,1,1,1,17,msn.foxsports.com
318,objective,966,0,4,0,0,1,0,14,0,0,0,0,0,1,0,6,6,0,1,13,msn.foxsports.com
319,objective,575,0,1,0,7,0,1,1,0,0,0,0,0,7,0,13,2,1,1,28,www.dailystar.co.uk
320,objective,117,0,1,0,0,0,1,0,0,0,0,0,0,0,0,0,0,1,1,10,msn.foxsports.com
321,objective,292,0,6,1,0,0,0,3,0,0,0,0,0,0,0,1,1,1,1,17,www.tennis.com
322,objective,429,0,2,2,3,0,1,1,0,0,0,0,0,5,0,7,2,1,1,23,www.dailystar.co.uk
323,objective,650,0,7,0,0,0,0,4,0,0,1,0,0,0,0,2,2,1,1,19,msn.foxsports.com
324,objective,309,0,1,0,0,0,0,0,0,0,0,0,0,1,0,0,0,1,1,13,www.sportinglife.com
325,subjective,4032,0,18,4,29,5,3,2,1,1,9,1,1,27,0,11,7,1,1,14,msn.foxsports.com
326,objective,236,0,2,0,0,0,0,3,0,0,0,0,0,0,0,2,0,1,1,12,msn.foxsports.com
327,objective,206,0,2,0,0,0,0,0,0,0,1,1,0,3,0,0,0,1,1,15,edition.cnn.com
328,objective,304,0,4,0,3,0,0,0,0,0,0,0,0,0,0,1,0,1,1,20,msn.foxsports.com
329,objective,805,0,1,0,0,2,0,8,0,0,0,0,0,0,0,7,1,1,1,21,msn.foxsports.com
330,objective,1498,0,7,1,15,2,1,0,0,1,2,1,0,1,0,20,11,1,1,24,msn.foxsports.com
331,subjective,939,0,10,1,0,0,3,0,0,0,0,0,0,0,0,2,2,1,1,14,www.foxsportswest.com
332,objective,922,0,7,0,6,0,2,1,0,1,0,0,0,1,0,2,0,1,1,26,msn.foxsports.com
333,objective,683,0,3,0,0,0,0,15,0,0,0,0,0,0,0,8,2,1,1,15,www.foxsportskansascity.com
334,objective,101,0,0,0,0,1,0,0,0,0,0,0,0,1,0,0,0,0,1,10,www.football365.com
335,objective,570,0,2,0,0,1,0,6,0,0,0,0,0,0,0,3,1,1,1,15,www.foxsportsohio.com
336,objective,148,0,2,0,0,0,0,0,0,0,0,0,0,2,0,0,0,1,1,18,msn.foxsports.com
337,objective,548,0,1,1,6,1,0,0,0,0,0,0,0,2,0,4,1,1,1,27,www.dailystar.co.uk
338,objective,880,0,7,0,0,1,0,6,0,2,0,0,0,3,0,13,0,0,1,19,msn.foxsports.com
339,objective,676,0,1,0,0,0,0,9,0,0,0,0,0,2,0,2,0,1,1,15,msn.foxsports.com
340,objective,379,0,0,0,0,0,0,1,0,0,0,0,0,0,0,0,0,1,1,16,msn.foxsports.com
341,objective,73,0,0,0,0,0,0,0,0,0,0,0,0,0,0,0,0,1,1,14,msn.foxsports.com
342,objective,476,0,0,0,0,0,0,7,0,0,0,0,0,1,0,3,0,1,1,12,msn.foxsports.com
343,objective,730,0,7,0,3,2,0,0,0,0,1,0,0,1,0,5,8,1,1,18,msn.foxsports.com
344,objective,849,0,7,0,0,0,0,13,0,0,0,0,0,1,0,8,0,1,1,16,msn.foxsports.com
345,objective,350,0,4,0,0,0,0,0,0,0,0,0,0,1,0,0,0,0,1,6,www.foxsportswisconsin.com
346,objective,497,0,4,0,0,0,1,2,0,0,0,0,0,6,0,0,0,1,1,19,msn.foxsports.com
347,objective,179,0,1,0,0,0,0,2,0,0,0,0,0,2,0,0,0,1,1,11,www.football365.com
348,objective,1032,1,2,0,7,0,0,0,0,0,1,0,0,2,0,5,37,1,1,33,msn.foxsports.com
349,subjective,897,0,0,1,8,0,0,1,0,0,0,0,0,2,0,4,3,1,1,24,msn.foxsports.com
350,subjective,1300,0,3,1,3,1,3,0,0,0,2,0,0,8,0,7,2,1,1,19,uk.eurosport.yahoo.com
351,objective,1671,0,2,0,15,2,6,0,0,0,0,0,2,1,0,4,9,1,1,37,msn.foxsports.com
352,objective,671,0,2,0,5,1,0,0,0,0,0,0,0,3,0,7,0,1,1,22,www.dailystar.co.uk
353,objective,597,0,4,0,0,0,0,1,0,0,0,0,0,1,0,0,0,1,1,19,msn.foxsports.com
354,subjective,1299,0,6,2,14,4,4,0,0,0,3,0,0,5,0,5,0,1,1,19,msn.foxsports.com
355,objective,187,0,2,0,0,0,1,1,0,0,0,0,0,0,0,0,0,0,1,15,uk.eurosport.yahoo.com
356,subjective,1378,0,2,1,3,1,1,0,0,0,0,0,2,0,0,13,3,1,1,25,www.wnba.com
357,objective,172,0,2,1,0,2,0,3,0,0,0,0,0,0,0,2,0,1,1,15,www.talksport.co.uk
358,objective,154,0,1,0,0,0,0,0,0,0,0,0,0,1,0,0,0,1,1,15,www.dailystar.co.uk
359,objective,540,0,3,0,2,1,3,0,0,0,0,0,1,0,0,12,4,1,1,24,msn.foxsports.com
360,objective,465,0,2,0,2,0,0,0,0,0,1,0,0,1,0,4,2,1,1,38,dailystar.com.lb
361,objective,156,0,2,0,0,0,0,0,0,0,0,0,0,0,0,0,0,1,1,26,msn.foxsports.com
362,objective,361,0,0,0,4,0,0,1,0,0,0,0,0,2,0,10,0,1,1,24,www.dailystar.co.uk
363,subjective,1495,0,0,0,16,1,3,0,0,0,0,0,0,0,0,19,6,1,1,39,www.wnba.com
364,objective,381,0,2,0,0,0,0,0,0,0,0,0,0,0,0,0,0,1,1,13,azstarnet.com
365,objective,987,0,5,0,0,1,0,7,1,0,0,0,0,3,0,3,0,1,1,15,msn.foxsports.com
366,objective,1015,0,6,3,4,0,1,0,0,0,0,0,0,0,0,10,9,1,1,23,msn.foxsports.com
367,objective,119,0,0,0,0,0,0,0,0,0,0,0,0,0,0,0,0,1,1,19,msn.foxsports.com
368,objective,204,0,0,0,2,0,0,0,0,0,0,0,0,3,0,0,0,1,1,22,www.dailystar.co.uk
369,objective,157,0,1,0,0,0,0,1,0,0,0,0,0,0,0,0,0,1,1,9,uk.eurosport.yahoo.com
370,objective,431,0,4,0,0,0,0,2,0,0,1,1,0,2,0,0,0,1,1,14,edition.cnn.com
371,objective,619,0,2,0,0,0,0,4,0,0,0,0,0,0,0,4,0,1,1,16,msn.foxsports.com
372,objective,76,0,0,0,1,0,0,0,0,0,0,0,0,0,0,0,0,0,1,19,msn.foxsports.com
373,objective,164,0,1,0,0,0,0,0,0,0,0,0,0,0,0,0,0,1,1,20,uk.eurosport.yahoo.com
374,objective,1313,0,7,0,0,1,0,11,0,1,4,0,0,1,0,7,9,1,1,19,www.foxsportswest.com
375,objective,330,0,2,0,0,1,0,2,0,0,0,0,0,0,0,2,0,1,1,16,msn.foxsports.com
376,objective,520,0,8,0,0,0,0,2,0,0,0,0,0,0,0,2,0,1,1,18,msn.foxsports.com
377,objective,511,0,1,0,0,1,0,2,0,0,0,0,0,0,0,3,0,1,1,21,msn.foxsports.com
378,objective,373,0,4,0,0,0,0,1,0,0,0,0,0,0,0,0,0,1,1,16,msn.foxsports.com
379,objective,125,0,1,0,0,0,0,0,0,0,0,0,0,0,0,0,0,1,1,11,msn.foxsports.com
380,objective,644,0,3,0,0,0,0,5,0,0,0,0,0,4,0,1,1,1,1,15,msn.foxsports.com
381,objective,491,0,0,0,0,0,0,0,0,0,0,0,0,0,0,0,1,1,1,30,www.football365.com
382,subjective,888,0,5,5,1,2,0,0,1,0,0,0,0,1,0,2,13,1,1,21,www.nba.com
383,objective,619,0,6,0,0,1,0,8,0,0,0,0,0,1,0,6,2,1,1,18,msn.foxsports.com
384,objective,833,0,5,1,0,0,0,5,0,1,1,0,0,0,0,2,0,1,1,20,msn.foxsports.com
385,objective,911,0,11,0,0,1,1,3,0,0,0,0,1,0,0,0,0,1,1,18,www.foxsportsarizona.com
386,objective,560,0,8,0,0,0,0,3,0,0,0,0,0,6,0,1,4,1,1,16,msn.foxsports.com
387,objective,328,0,3,0,0,0,0,0,0,0,0,0,0,2,0,1,0,1,1,36,uk.eurosport.yahoo.com
388,objective,390,0,1,0,0,0,0,1,0,0,0,0,3,2,0,0,0,1,1,32,uk.eurosport.yahoo.com
389,objective,1851,0,17,0,0,3,0,10,0,2,5,0,0,2,0,16,0,1,1,15,www.foxsportsflorida.com
390,objective,793,0,1,2,8,0,0,0,0,0,0,0,0,0,0,8,1,1,1,25,msn.foxsports.com
391,objective,139,0,1,0,0,0,0,0,0,0,0,0,0,0,0,0,0,0,1,15,msn.foxsports.com
392,objective,313,0,3,0,0,1,0,2,0,0,0,0,0,4,0,0,0,1,1,17,msn.foxsports.com
393,objective,153,0,1,0,0,0,0,0,0,0,0,0,0,0,0,0,0,1,1,15,msn.foxsports.com
394,objective,319,0,0,0,0,0,0,3,0,0,0,0,0,5,0,2,0,1,1,22,www.bbc.co.uk
395,objective,225,0,2,0,0,0,0,0,0,0,1,0,0,1,0,0,0,1,1,14,edition.cnn.com
396,objective,348,0,0,1,4,0,0,0,0,0,0,0,0,3,0,8,3,1,0,21,www.dailystar.co.uk
397,objective,364,0,1,0,2,0,0,0,0,0,0,0,0,5,0,7,0,1,1,20,metro.co.uk
398,objective,920,0,4,2,0,0,0,11,0,0,0,0,0,0,0,1,6,1,1,16,www.guardian.co.uk
399,objective,424,0,0,0,0,0,0,0,0,0,0,0,0,0,0,0,0,1,1,23,www.bbc.co.uk
400,objective,148,0,0,0,0,0,0,1,0,0,0,0,0,2,0,1,0,1,1,10,www.football365.com
401,objective,521,0,2,0,0,0,0,3,0,0,0,0,0,1,0,2,0,0,1,15,msn.foxsports.com
402,objective,2981,0,7,2,11,4,0,0,1,0,5,0,2,3,0,15,15,1,1,35,msn.foxsports.com
403,objective,157,0,2,0,0,0,0,1,0,0,0,0,0,0,0,0,0,1,1,13,uk.eurosport.yahoo.com
404,objective,392,0,7,0,0,0,0,2,0,0,0,0,0,0,0,0,0,1,1,21,msn.foxsports.com
405,objective,333,0,1,0,0,0,0,0,0,0,0,0,0,0,0,3,0,1,1,25,www.foxsportsarizona.com
406,objective,230,0,0,0,2,0,0,1,0,0,0,0,0,4,0,4,1,1,1,28,www.dailystar.co.uk
407,objective,115,0,2,0,0,0,0,0,0,0,0,0,0,1,0,0,0,1,1,19,msn.foxsports.com
408,objective,1200,0,0,1,9,2,0,0,0,0,1,0,0,3,0,18,3,1,1,37,www.foxsportssouth.com
409,objective,237,0,1,0,0,0,0,0,0,0,0,0,0,1,0,0,0,1,1,16,www.football365.com
410,objective,545,0,3,1,1,0,0,0,0,0,0,0,0,1,0,19,2,1,1,18,www.foxsportswest.com
411,objective,353,0,5,0,0,0,0,4,0,0,0,0,0,1,0,2,2,1,1,18,uk.eurosport.yahoo.com
412,objective,1001,0,7,1,0,1,0,9,0,0,0,0,0,0,0,7,0,1,1,16,msn.foxsports.com
413,objective,457,0,1,0,0,0,0,0,0,0,1,0,0,1,0,9,1,1,1,41,www.dailystar.co.uk
414,objective,126,0,1,0,0,0,0,0,0,0,0,0,0,1,0,0,0,1,1,14,www.football365.com
415,objective,565,0,1,0,0,3,0,0,0,0,0,0,0,1,0,6,7,1,1,15,msn.foxsports.com
416,objective,1376,0,5,0,0,3,0,0,0,0,1,0,0,6,0,9,5,1,1,28,www.sportinglife.com
417,objective,162,0,1,1,0,0,0,0,0,0,0,1,0,0,0,2,1,1,1,11,msn.foxsports.com
418,objective,209,0,2,1,0,0,0,2,0,0,0,0,0,1,0,1,0,1,1,23,www.wnba.com
419,objective,599,0,2,0,0,0,0,2,0,0,0,0,0,0,0,0,0,1,1,23,msn.foxsports.com
420,objective,109,0,0,0,0,0,0,0,0,0,0,0,0,1,0,0,0,1,1,15,www.talksport.co.uk
421,objective,350,0,4,0,0,0,0,0,0,0,0,0,0,1,0,0,0,0,1,6,www.foxsportswisconsin.com
422,objective,241,0,0,1,0,0,0,0,0,0,0,0,0,1,0,0,0,1,1,13,edition.cnn.com
423,objective,667,0,4,0,0,0,0,10,0,0,0,0,0,3,0,0,1,1,1,15,msn.foxsports.com
424,objective,233,0,0,0,1,1,0,0,0,0,0,0,0,4,0,6,2,1,1,29,www.dailystar.co.uk
425,objective,436,0,12,0,0,0,0,3,0,0,0,0,0,12,0,1,0,1,1,33,www.bbc.co.uk
426,objective,510,0,3,0,9,0,1,0,0,0,0,0,0,1,0,4,0,1,1,30,www.wnba.com
427,objective,207,0,0,0,1,0,0,0,0,0,0,0,0,0,0,1,0,1,1,29,www.talksport.co.uk
428,objective,162,0,1,0,0,0,0,0,0,0,0,0,0,2,0,0,0,1,1,16,msn.foxsports.com
429,objective,380,0,2,0,0,1,0,1,0,0,0,0,0,1,0,9,0,1,1,18,www.guardian.co.uk
430,objective,491,0,0,0,0,0,0,0,0,0,0,0,0,0,0,0,1,1,1,30,www.football365.com
431,objective,825,0,4,1,0,1,2,7,0,0,0,0,0,2,0,1,6,1,1,15,sportsillustrated.cnn.com
432,objective,223,0,1,0,5,0,0,0,0,0,0,0,0,0,0,0,0,1,1,15,msn.foxsports.com
433,objective,735,0,3,0,0,2,1,3,0,0,0,0,0,1,0,0,0,1,1,16,msn.foxsports.com
434,objective,993,0,11,0,0,2,1,12,0,0,0,0,1,0,0,6,1,1,1,17,msn.foxsports.com
435,objective,1634,0,2,1,4,2,1,2,0,0,1,0,0,0,0,10,15,1,1,22,www.wnba.com
436,objective,264,0,10,0,0,0,0,0,0,0,0,0,0,0,0,0,0,1,1,15,www.foxsportswisconsin.com
437,objective,344,0,5,0,0,1,0,3,0,0,0,0,0,0,0,2,0,1,1,16,msn.foxsports.com
438,objective,1015,0,2,2,7,2,0,0,0,0,1,0,0,2,0,3,4,1,1,15,msn.foxsports.com
439,objective,95,0,0,0,0,0,0,0,0,0,0,0,0,0,0,0,0,1,1,15,www.dailystar.co.uk
440,objective,834,0,5,0,5,0,0,0,0,1,0,0,0,1,0,4,2,1,1,36,www.nba.com
441,subjective,1090,0,0,1,0,2,1,0,0,0,3,0,0,2,0,0,3,1,1,27,www.foxsportssouthwest.com
442,objective,925,0,1,0,9,4,0,0,0,0,0,0,0,0,0,3,3,1,1,26,msn.foxsports.com
443,objective,366,0,4,0,0,0,0,1,0,1,0,0,0,0,0,1,0,1,1,22,uk.eurosport.yahoo.com
444,objective,180,0,0,0,0,1,0,3,0,0,0,1,0,3,0,0,0,1,1,12,uk.eurosport.yahoo.com
445,objective,1009,0,2,0,5,1,1,4,0,0,0,0,0,0,0,5,0,1,1,25,msn.foxsports.com
446,objective,369,0,0,0,4,0,2,0,0,0,0,0,0,1,0,2,0,1,1,19,www.masslive.com
447,objective,241,0,1,0,3,0,0,0,0,0,0,0,1,0,0,4,1,1,1,34,www.rbs6nations.com
448,objective,707,0,4,0,0,0,0,6,0,0,1,0,0,2,0,1,2,0,1,16,msn.foxsports.com
449,objective,805,0,4,0,0,1,0,6,0,0,0,0,0,0,0,3,0,1,1,15,msn.foxsports.com
450,objective,747,0,1,0,0,0,0,0,0,0,0,0,0,0,0,0,0,1,1,24,msn.foxsports.com
451,objective,155,0,3,0,0,0,0,2,0,0,0,0,0,0,0,0,1,1,1,14,msn.foxsports.com
452,objective,1040,0,9,0,0,1,0,13,0,0,1,0,0,0,0,5,1,1,1,16,www.foxsportswisconsin.com
453,objective,67,0,2,0,0,0,0,0,0,0,0,0,0,0,0,0,0,1,1,16,msn.foxsports.com
454,objective,216,0,0,0,1,0,1,0,0,0,0,0,0,0,0,0,0,1,1,24,www.foxsportsflorida.com
455,objective,171,0,2,0,0,0,0,0,0,0,0,0,0,1,0,0,0,1,1,21,www.foxsportsnorth.com
456,objective,335,0,2,0,0,0,0,3,0,0,0,0,0,1,0,4,1,1,1,15,msn.foxsports.com
457,objective,150,0,0,0,0,1,0,0,0,0,0,0,0,3,0,0,0,1,1,13,msn.foxsports.com
458,objective,665,0,5,1,0,1,1,1,0,0,0,0,0,1,0,9,5,1,1,17,www.foxsportssouth.com
459,objective,530,0,2,0,0,0,0,2,0,0,0,0,0,0,0,0,0,1,1,33,www.guardian.co.uk
460,objective,522,0,2,0,0,0,0,1,0,0,0,0,0,1,0,0,0,1,1,20,msn.foxsports.com
461,objective,1187,0,8,0,0,2,2,0,0,0,0,0,0,0,0,0,0,1,1,23,msn.foxsports.com
462,objective,386,0,3,0,0,1,1,0,0,0,0,0,0,2,0,0,0,1,1,24,www.dailystar.co.uk
463,objective,413,0,3,1,0,0,0,5,0,0,1,0,0,0,0,0,0,1,1,15,msn.foxsports.com
464,objective,828,0,5,0,0,1,0,5,0,1,0,0,0,3,0,1,0,1,1,19,www.foxsportssouthwest.com
465,objective,1693,0,3,2,8,2,1,0,0,1,5,0,0,1,0,19,18,1,1,26,www.foxsportskansascity.com
466,objective,844,0,0,0,8,0,2,1,0,0,0,0,12,2,0,2,3,1,1,36,formula-one.speedtv.com
467,objective,634,0,12,0,0,1,0,5,0,1,1,0,0,2,0,4,1,1,1,15,msn.foxsports.com
468,objective,270,0,3,0,0,0,0,0,0,0,0,0,0,1,0,5,1,1,1,20,tribune.com.pk
469,objective,781,0,8,1,0,1,1,8,1,0,1,0,0,4,0,3,6,1,1,17,msn.foxsports.com
470,objective,545,0,3,0,0,1,0,4,0,0,0,0,0,3,0,3,2,1,1,17,msn.foxsports.com
471,objective,486,0,3,0,0,0,0,3,0,0,0,0,0,1,0,6,0,1,1,18,motorcycling.speedtv.com
472,objective,880,0,7,0,0,1,0,6,0,2,0,0,0,3,0,13,0,0,1,19,msn.foxsports.com
473,objective,911,0,2,0,0,1,2,9,0,1,0,0,0,0,0,1,2,1,1,15,msn.foxsports.com
474,objective,615,0,2,1,3,0,1,0,0,0,0,0,0,3,0,5,4,1,1,29,dailystar.com.lb
475,objective,213,0,5,0,0,0,0,0,0,0,0,0,0,0,0,0,0,1,1,12,www.nba.com
476,objective,325,0,1,0,0,0,1,2,0,0,1,0,0,0,0,0,0,1,1,17,msn.foxsports.com
477,objective,394,0,4,1,0,0,0,2,0,0,0,0,0,2,0,0,0,1,1,20,msn.foxsports.com
478,objective,294,0,2,0,0,1,0,0,0,0,1,1,0,0,0,0,0,1,1,17,www.foxsportsdetroit.com
479,objective,236,0,1,1,1,0,0,0,0,0,0,0,0,0,0,0,2,1,1,23,www.tennis.com
480,objective,282,0,3,0,0,0,0,0,0,0,0,0,0,0,0,0,0,1,1,12,www.chicagotribune.com
481,objective,485,0,2,0,0,0,1,11,0,0,0,0,0,0,0,1,0,1,1,10,www.foxsportsflorida.com
482,objective,2243,0,10,1,9,1,2,3,0,0,0,0,1,1,0,18,7,1,1,49,msn.foxsports.com
483,objective,465,0,2,0,0,0,0,0,0,1,0,0,0,1,0,0,0,1,1,17,uk.eurosport.yahoo.com
484,objective,231,0,7,0,0,1,1,1,0,0,0,0,0,0,0,0,0,1,1,16,msn.foxsports.com
485,objective,191,0,0,0,0,0,0,2,0,0,0,0,0,0,0,4,0,1,1,14,msn.foxsports.com
486,objective,186,0,1,0,0,0,0,0,0,0,0,0,0,1,0,0,0,1,1,16,msn.foxsports.com
487,objective,527,0,1,0,0,2,0,11,0,0,0,0,0,3,0,13,1,1,1,12,msn.foxsports.com
488,objective,677,0,5,0,4,1,1,1,1,0,0,0,0,1,0,8,2,0,1,29,uk.eurosport.yahoo.com
489,objective,190,0,1,0,0,0,0,2,0,0,0,0,0,0,0,0,0,1,1,15,msn.foxsports.com
490,objective,504,0,4,0,0,1,0,4,0,0,0,0,0,0,0,3,0,1,1,18,www.nba.com
491,objective,641,0,3,2,0,2,0,17,0,0,0,0,0,0,0,6,1,1,1,13,msn.foxsports.com
492,objective,374,0,0,0,0,0,0,0,0,0,0,0,0,0,0,0,0,1,1,24,msn.foxsports.com
493,objective,429,0,0,1,0,0,0,3,0,0,0,0,0,0,0,3,4,1,1,17,network.yardbarker.com
494,objective,1026,0,0,1,0,5,0,9,0,0,2,0,0,0,0,3,18,1,1,17,www.foxsportswisconsin.com
495,objective,212,0,1,0,0,0,0,0,0,0,0,0,0,0,0,0,0,1,1,17,www.dailystar.co.uk
496,objective,847,0,8,0,4,0,0,0,0,0,1,0,0,0,0,21,2,1,1,35,msn.foxsports.com
497,objective,451,0,4,0,0,0,0,1,0,0,0,0,0,2,0,0,0,1,1,19,uk.eurosport.yahoo.com
498,objective,1606,0,6,1,0,0,0,7,0,1,0,0,0,4,0,4,0,1,1,18,msn.foxsports.com
499,objective,151,0,2,0,0,0,0,0,0,0,0,0,0,0,0,0,0,1,1,18,msn.foxsports.com
500,objective,736,0,4,0,4,0,0,0,0,0,0,0,0,1,0,0,0,1,1,19,dailystar.com.lb
501,objective,882,0,11,1,10,1,1,0,0,0,0,0,0,3,0,10,4,1,1,33,www.nba.com
502,objective,107,0,1,0,0,0,1,0,0,0,0,0,0,0,0,0,0,1,1,10,msn.foxsports.com
503,objective,447,0,1,2,0,0,0,7,0,0,0,0,0,0,0,5,1,1,1,16,msn.foxsports.com
504,objective,644,0,3,0,0,1,0,3,0,0,0,0,0,2,0,0,0,1,1,23,uk.eurosport.yahoo.com
505,objective,426,0,3,0,1,0,0,0,0,0,0,1,2,1,0,0,0,1,1,25,www.nba.com
506,objective,1445,0,7,0,0,0,1,12,0,0,0,0,0,2,0,9,0,1,1,17,msn.foxsports.com
507,objective,981,0,7,0,0,4,0,9,0,0,1,0,0,3,0,9,4,1,1,16,msn.foxsports.com
508,objective,442,0,1,1,0,0,0,3,0,0,0,0,0,1,0,1,0,1,1,21,uk.eurosport.yahoo.com
509,objective,917,0,3,0,10,1,0,0,0,0,0,0,0,2,0,1,4,1,1,22,www.nba.com
510,objective,828,0,0,0,0,2,2,4,0,0,5,1,0,1,0,4,2,1,1,18,www.foxsportswest.com
511,objective,254,0,5,0,0,0,0,5,0,0,0,0,0,0,0,4,0,1,1,11,www.foxsportssouthwest.com
512,objective,1016,0,6,1,5,2,0,0,0,0,0,0,0,4,0,4,3,0,1,21,msn.foxsports.com
513,objective,958,0,1,0,7,1,1,0,0,0,1,0,1,3,0,1,0,1,1,21,www.tennis.com
514,objective,1282,0,2,0,0,2,1,3,0,0,0,0,1,1,0,2,0,1,1,18,www.und.com
515,objective,150,0,2,0,0,0,0,0,0,0,0,0,0,0,0,0,0,1,1,16,www.nytimes.com
516,objective,265,0,2,0,0,0,0,0,0,0,1,0,0,2,0,1,1,1,1,17,msn.foxsports.com
517,objective,163,0,2,0,0,0,0,0,0,0,0,0,0,0,0,0,0,1,1,20,www.football365.com
518,objective,2048,0,9,2,0,4,3,0,0,0,16,1,0,0,0,0,9,1,1,20,www.wnba.com
519,objective,491,0,2,0,0,0,0,0,0,0,0,0,0,0,0,0,0,1,1,24,msn.foxsports.com
520,objective,573,0,1,0,0,0,0,6,0,0,0,0,0,0,0,0,0,1,1,16,msn.foxsports.com
521,objective,230,0,0,0,1,0,0,1,0,0,0,0,0,3,0,0,0,1,1,17,uk.eurosport.yahoo.com
522,objective,776,0,10,0,0,3,0,7,0,0,0,0,1,0,0,4,1,1,1,16,msn.foxsports.com
523,objective,571,0,0,1,0,0,0,0,0,0,2,10,0,1,0,13,2,1,1,8,msn.foxsports.com
524,objective,103,0,0,0,0,0,0,0,0,1,0,0,0,0,0,0,0,1,1,12,www.football365.com
525,objective,174,0,1,1,0,0,0,0,0,0,0,0,0,2,0,2,0,1,1,15,www.dailystar.co.uk
526,objective,326,0,4,0,0,0,0,2,0,0,0,0,0,0,0,1,0,1,1,15,www.foxsportsnorth.com
527,objective,111,0,3,0,0,0,0,0,0,0,0,0,0,0,0,0,0,1,1,15,msn.foxsports.com
528,objective,1356,0,2,0,11,3,1,0,0,1,0,0,0,3,0,9,2,1,1,27,www.nba.com
529,objective,618,0,5,0,6,0,0,0,0,0,0,0,0,0,0,6,4,1,1,38,msn.foxsports.com
530,objective,443,0,1,0,0,0,3,8,0,0,1,0,0,0,0,8,1,1,1,13,msn.foxsports.com
531,objective,942,0,12,2,10,0,1,1,0,0,0,0,0,2,0,5,1,1,1,22,msn.foxsports.com
532,objective,860,0,5,0,0,0,0,5,0,0,1,0,0,2,0,8,3,1,1,20,msn.foxsports.com
533,objective,272,0,1,0,0,0,0,0,0,0,0,0,0,0,0,0,0,1,1,17,uk.eurosport.yahoo.com
534,objective,151,0,0,0,0,1,0,1,0,0,0,0,0,0,0,0,0,1,1,18,msn.foxsports.com
535,objective,188,0,1,0,0,0,1,0,0,0,0,0,0,0,0,0,0,1,1,23,msn.foxsports.com
536,objective,431,0,0,1,6,0,0,0,0,0,0,0,0,0,0,1,3,1,1,28,formula-one.speedtv.com
537,objective,77,0,1,0,0,0,0,1,0,0,0,0,0,3,0,0,0,1,1,7,msn.foxsports.com
538,objective,183,0,0,0,0,0,0,2,0,0,0,0,0,1,0,1,0,1,1,30,uk.eurosport.yahoo.com
539,objective,747,0,6,1,0,1,0,12,0,0,0,0,0,1,0,9,3,1,1,14,msn.foxsports.com
540,objective,2003,0,1,0,10,0,1,7,0,0,1,0,2,12,0,80,24,1,1,19,www.nba.com
541,objective,173,0,2,0,0,0,0,0,0,0,0,0,0,2,0,0,0,1,1,19,uk.eurosport.yahoo.com
542,objective,651,0,1,0,5,0,1,0,0,0,0,0,0,4,0,7,4,1,1,22,msn.foxsports.com
543,subjective,1953,0,0,0,16,0,0,0,1,0,4,3,0,9,0,20,3,1,1,19,msn.foxsports.com
544,objective,136,0,1,0,0,0,0,2,0,0,0,0,6,2,0,0,0,1,1,27,www.herald.ie
545,objective,469,0,4,0,3,0,0,0,0,0,0,0,0,3,0,15,0,1,1,26,www.dailystar.co.uk
546,objective,400,0,4,0,0,0,0,8,0,0,0,0,0,3,0,6,0,1,1,15,msn.foxsports.com
547,objective,1111,0,9,0,0,0,0,12,0,0,1,0,1,3,0,2,5,1,1,16,espn.go.com
548,objective,348,0,0,1,0,0,0,3,0,0,0,0,0,0,0,1,1,1,1,15,uk.eurosport.yahoo.com
549,objective,1991,0,1,1,0,3,0,5,0,0,5,1,4,19,0,8,4,1,1,24,www.skysports.com
550,subjective,880,0,0,4,4,1,1,3,0,0,0,0,0,0,0,15,3,0,1,19,www.nba.com
551,objective,301,0,4,0,0,1,0,1,0,0,0,0,0,0,0,0,0,1,1,14,uk.eurosport.yahoo.com
552,objective,220,0,4,0,0,0,0,0,0,0,0,0,0,0,0,0,0,1,1,13,msn.foxsports.com
553,objective,1294,0,3,0,6,1,1,0,0,0,0,0,0,1,0,19,1,1,1,34,www.nba.com
554,subjective,185,0,0,1,0,0,0,0,0,0,0,0,0,0,0,0,2,1,1,23,www.foxsportssouthwest.com
555,objective,1611,0,8,0,8,1,0,0,0,0,0,0,14,11,0,6,2,1,1,14,msn.foxsports.com
556,objective,255,0,4,1,3,0,0,0,0,0,0,1,0,0,0,2,1,1,1,21,msn.foxsports.com
557,objective,211,0,2,0,0,0,0,0,0,0,0,0,0,2,0,0,0,1,1,17,www.football365.com
558,objective,1313,0,6,0,15,1,0,0,0,0,0,0,0,0,0,21,3,1,1,34,www.nba.com
559,objective,538,0,6,0,0,0,0,0,0,0,0,0,0,0,0,0,0,1,1,17,msn.foxsports.com
560,objective,289,0,0,0,1,0,0,0,0,0,0,0,0,1,0,3,0,1,1,26,www.dailystar.co.uk
561,objective,604,0,5,0,0,0,0,1,0,0,0,0,0,1,0,0,0,1,1,22,msn.foxsports.com
562,objective,1005,0,7,0,0,0,0,10,0,0,0,0,0,3,0,6,0,1,1,18,msn.foxsports.com
563,objective,844,0,8,0,2,0,1,0,0,0,0,0,0,1,0,11,2,1,1,31,msn.foxsports.com
564,objective,127,0,1,0,0,0,0,0,0,0,0,0,0,0,0,0,0,1,1,18,msn.foxsports.com
565,objective,243,0,2,0,0,0,0,0,0,0,0,0,0,0,0,0,1,1,1,24,uk.eurosport.yahoo.com
566,subjective,1083,0,3,7,1,1,0,0,0,0,0,0,0,0,0,12,9,1,1,22,www.nba.com
567,objective,1661,0,8,0,0,0,1,4,0,0,0,0,0,3,0,6,0,1,1,22,www.und.com
568,objective,925,0,0,1,3,1,0,0,0,0,1,0,0,1,0,12,12,1,1,20,www.nba.com
569,objective,251,0,2,0,0,0,0,1,0,0,0,0,0,4,0,0,0,1,1,10,msn.foxsports.com
570,objective,237,0,1,0,2,0,0,0,0,0,0,0,0,1,0,0,0,1,1,33,www.dailystar.co.uk
571,objective,223,0,1,0,0,0,0,0,0,0,0,0,0,0,0,0,0,1,1,17,www.foxsportssouthwest.com
572,objective,352,0,5,0,0,0,0,1,0,0,0,0,0,0,0,0,0,1,1,17,www.tennis.com
573,objective,244,0,1,0,0,0,0,2,0,0,0,0,0,0,0,0,0,1,1,15,msn.foxsports.com
574,subjective,1439,0,5,0,17,2,1,1,0,0,3,7,2,8,0,6,16,1,1,16,msn.foxsports.com
575,objective,577,0,6,0,0,0,0,4,0,0,0,0,0,2,0,0,0,1,1,18,msn.foxsports.com
576,objective,103,0,3,0,0,0,0,0,0,0,0,0,0,0,0,2,0,1,1,17,msn.foxsports.com
577,subjective,533,0,0,0,1,0,0,0,0,0,0,0,0,5,0,20,1,1,1,29,www.wnba.com
578,objective,266,0,3,0,0,0,0,0,0,0,0,0,0,0,0,0,0,1,1,24,msn.foxsports.com
579,objective,116,0,0,0,0,0,0,0,0,0,0,0,0,1,0,0,0,1,1,8,uk.eurosport.yahoo.com
580,objective,389,0,2,0,2,2,0,1,0,0,1,0,0,0,0,0,1,1,1,16,msn.foxsports.com
581,objective,225,0,1,0,0,0,0,1,0,0,0,0,0,4,0,0,0,1,1,14,www.dailystar.co.uk
582,objective,238,0,0,0,0,0,0,0,0,0,0,0,0,1,0,0,0,1,1,26,uk.eurosport.yahoo.com
583,objective,407,0,0,0,13,2,1,0,0,0,0,1,0,0,0,2,0,0,1,21,msn.foxsports.com
584,objective,628,0,4,0,4,0,0,0,0,0,0,3,0,1,0,11,2,1,1,23,msn.foxsports.com
585,objective,207,0,1,0,0,0,0,0,0,0,0,0,0,0,0,0,0,1,1,17,edition.cnn.com
586,objective,164,0,1,0,0,0,0,0,0,0,0,0,0,0,0,0,0,1,1,18,msn.foxsports.com
587,objective,513,0,2,0,0,0,0,2,0,0,1,0,0,4,0,0,0,1,1,17,edition.cnn.com
588,subjective,884,0,7,1,9,1,0,0,0,1,1,0,0,1,0,7,3,1,1,26,msn.foxsports.com
589,objective,154,0,2,0,0,0,0,0,0,0,0,0,0,0,0,0,0,1,1,19,msn.foxsports.com
590,objective,960,0,9,0,0,1,0,2,0,0,0,1,1,0,0,0,0,1,1,19,msn.foxsports.com
591,objective,375,0,4,0,1,0,0,0,0,0,0,0,0,0,0,0,0,1,1,20,msn.foxsports.com
592,objective,722,0,1,0,0,0,0,0,0,0,1,0,0,0,0,18,0,1,1,25,www.suntimes.com
593,objective,913,0,1,0,5,5,0,0,0,0,0,0,1,0,0,3,3,1,1,32,msn.foxsports.com
594,objective,571,0,2,0,0,0,0,8,0,0,0,0,0,2,0,8,0,1,1,11,msn.foxsports.com
595,objective,696,0,0,0,5,0,0,0,0,0,0,0,0,0,0,0,2,1,1,24,www.dailystar.co.uk
596,objective,446,0,0,0,0,1,0,0,0,0,0,0,0,0,0,0,0,1,1,31,msn.foxsports.com
597,objective,180,0,0,0,0,0,0,0,0,0,0,0,0,1,0,0,0,0,1,16,uk.eurosport.yahoo.com
598,objective,353,0,1,0,2,0,0,1,0,0,0,0,0,0,0,3,0,1,1,25,www.wnba.com
599,objective,1163,0,5,1,14,0,1,0,1,0,1,0,0,6,0,5,9,1,1,19,msn.foxsports.com
600,objective,503,0,2,1,0,1,0,1,0,0,0,0,0,1,0,1,0,1,1,16,edition.cnn.com
601,objective,781,0,5,0,0,1,0,6,0,0,2,0,0,0,0,5,0,1,1,15,msn.foxsports.com
602,subjective,820,0,7,0,7,2,0,0,0,0,5,0,0,1,0,20,4,1,1,17,msn.foxsports.com
603,objective,195,0,1,0,0,0,0,4,0,0,0,1,0,0,0,2,1,1,1,15,aol.sportingnews.com
604,objective,1002,0,5,0,0,1,0,14,0,0,0,0,0,0,0,7,6,0,1,13,www.wnba.com
605,objective,599,0,6,0,0,2,0,9,0,0,0,0,0,4,0,9,0,1,1,15,msn.foxsports.com
606,objective,1086,0,6,0,0,0,0,11,0,0,0,0,0,3,0,14,0,1,1,19,nmsn.foxsports.com
607,objective,1257,0,5,1,9,5,1,0,0,0,1,0,0,1,0,8,8,1,1,32,www.foxsportswest.com
608,objective,140,0,0,0,0,0,0,0,0,0,0,0,0,0,0,0,0,1,1,20,msn.foxsports.com
609,objective,1072,0,8,0,16,0,0,4,2,0,6,1,0,0,0,13,3,1,1,22,msn.foxsports.com
610,objective,1474,0,3,1,10,1,0,0,0,0,3,0,0,0,0,22,7,1,1,23,msn.foxsports.com
611,subjective,662,0,0,0,1,2,0,0,0,0,1,2,0,2,0,1,15,1,1,18,msn.foxsports.com
612,objective,944,0,5,0,0,0,0,6,0,0,0,0,0,2,0,1,2,1,1,19,msn.foxsports.com
613,objective,1238,0,6,1,8,0,0,0,0,0,0,0,1,0,0,5,2,1,1,29,msn.foxsports.com
614,objective,152,0,0,0,0,0,0,0,0,0,0,0,0,2,0,0,0,1,1,21,moto-racing.speedtv.com
615,objective,372,0,7,0,4,0,1,0,0,0,0,0,0,1,0,2,0,1,1,15,msn.foxsports.com
616,objective,314,0,4,0,1,1,0,0,0,0,1,0,0,0,0,0,0,1,1,17,msn.foxsports.com
617,objective,395,0,3,0,0,0,0,2,0,0,0,0,0,5,0,0,0,1,1,13,www.football365.com
618,objective,177,0,0,0,0,0,0,1,0,0,0,0,0,1,0,0,0,1,1,8,www.dailystar.co.uk
619,objective,734,0,6,0,0,0,0,11,0,1,0,0,0,0,0,3,8,1,1,15,msn.foxsports.com
620,objective,375,0,1,0,0,1,0,4,0,0,0,0,0,1,0,0,0,1,1,17,www.nba.com
621,objective,1671,0,7,1,7,4,0,0,0,0,2,0,0,1,0,6,7,1,1,27,msn.foxsports.com
622,objective,2042,0,3,4,13,1,2,0,0,0,8,3,2,9,0,18,9,1,1,23,msn.foxsports.com
623,objective,185,0,2,1,0,0,0,0,0,0,0,0,0,1,0,0,0,1,1,37,www.dailystar.co.uk
624,objective,310,0,1,0,0,0,0,5,0,0,0,0,0,1,0,0,1,1,1,13,msn.foxsports.com
625,objective,112,0,0,0,0,1,0,0,0,0,0,0,0,0,0,0,0,1,1,18,www.football365.com
626,objective,731,0,0,0,0,0,0,5,0,0,2,0,1,1,0,0,0,1,1,17,msn.foxsports.com
627,objective,141,0,0,0,0,0,0,0,0,0,0,0,0,1,0,0,0,1,1,15,msn.foxsports.com
628,objective,304,0,6,0,0,2,1,1,0,0,0,0,0,0,0,1,0,1,1,21,msn.foxsports.com
629,objective,2182,0,5,1,11,3,0,0,0,1,3,1,1,0,0,1,14,1,1,16,msn.foxsports.com
630,objective,745,0,8,0,0,2,0,11,0,0,0,0,0,0,0,9,3,1,1,14,msn.foxsports.com
631,objective,1961,1,4,0,0,2,2,1,1,0,6,0,3,38,0,2,1,1,1,23,www.foxsportssouth.com
632,objective,481,0,4,0,0,1,0,2,0,1,0,0,0,0,0,5,0,1,1,17,www.nba.com
633,objective,101,0,1,0,0,0,0,0,0,0,0,0,0,0,0,0,1,1,1,14,msn.foxsports.com
634,objective,732,0,7,0,0,0,0,11,0,0,0,0,0,0,0,7,1,1,1,14,www.foxsportsflorida.com
635,objective,298,0,7,0,0,0,0,0,0,0,0,0,0,0,0,1,0,1,1,18,msn.foxsports.com
636,objective,965,0,2,0,0,2,0,9,0,0,3,0,0,1,0,6,2,1,1,17,www.foxsportswest.com
637,objective,258,0,2,0,4,2,0,0,0,0,0,0,0,1,0,9,0,1,1,21,www.dailystar.co.uk
638,objective,1019,0,2,0,7,0,0,0,0,0,0,0,0,12,0,0,0,1,1,23,www.wnba.com
639,subjective,846,0,7,1,0,0,0,8,0,0,1,1,0,2,0,5,1,1,1,12,msn.foxsports.com
640,objective,854,0,1,0,0,0,1,7,0,0,0,0,0,2,0,2,1,1,1,18,auto-racing.speedtv.com
641,objective,211,0,0,0,0,0,0,0,0,0,0,0,0,0,0,0,0,1,1,19,uk.eurosport.yahoo.com
642,objective,509,0,1,0,0,2,0,0,0,0,0,0,0,0,0,0,0,0,1,26,msn.foxsports.com
643,objective,222,0,1,0,0,0,1,3,0,0,0,0,0,3,0,0,0,1,1,11,msn.foxsports.com
644,objective,734,0,1,0,0,1,0,2,0,0,0,0,0,14,0,0,0,1,1,19,www.bbc.co.uk
645,objective,622,0,1,1,0,0,1,7,0,0,0,0,0,0,0,1,0,1,1,17,msn.foxsports.com
646,objective,501,0,5,0,0,0,0,3,0,0,0,0,0,0,0,3,0,0,1,11,www.foxsportsdetroit.com
647,objective,615,0,4,0,0,3,1,5,0,0,1,0,0,0,0,2,0,1,1,14,www.nba.com
648,objective,114,0,2,0,0,0,0,0,0,0,0,0,0,0,0,0,0,1,1,8,uk.eurosport.yahoo.com
649,objective,749,0,4,0,0,0,0,0,0,0,0,0,0,2,0,0,2,1,1,14,msn.foxsports.com
650,objective,428,0,0,0,1,0,0,0,0,0,0,0,0,0,0,4,7,1,1,19,msn.foxsports.com
651,objective,686,0,2,0,0,0,0,5,0,0,0,0,0,1,0,6,0,0,1,17,msn.foxsports.com
652,objective,128,0,2,0,0,0,0,0,0,0,0,0,0,0,0,0,0,0,1,11,uk.eurosport.yahoo.com
653,objective,183,0,0,0,0,0,1,0,0,0,0,0,0,0,0,0,0,1,1,15,msn.foxsports.com
654,objective,168,0,4,0,0,0,0,0,0,0,0,0,0,0,0,0,0,1,1,15,msn.foxsports.com
655,objective,991,0,4,0,0,0,0,15,0,0,0,0,0,0,0,24,1,1,1,13,msn.foxsports.com
656,objective,641,0,5,0,0,2,0,9,0,0,0,0,0,0,0,10,0,1,1,12,msn.foxsports.com
657,objective,153,0,2,0,0,0,0,0,0,0,0,0,0,0,0,0,0,1,1,13,msn.foxsports.com
658,objective,376,0,5,0,0,0,0,0,0,0,0,0,0,0,0,1,2,0,1,31,msn.foxsports.com
659,objective,1215,0,5,1,12,1,0,1,0,1,0,3,0,0,0,28,9,1,1,21,msn.foxsports.com
660,objective,529,0,1,0,0,0,0,0,0,1,1,0,1,0,0,1,0,1,1,23,www.skysports.com
661,subjective,2380,0,8,1,12,4,2,0,0,0,4,0,0,7,0,4,9,1,1,16,msn.foxsports.com
662,subjective,331,0,2,2,3,1,0,0,0,0,0,11,1,0,3,0,12,1,1,9,msn.foxsports.com
663,subjective,1885,0,9,3,15,6,0,0,0,0,3,0,3,1,0,3,2,1,1,20,msn.foxsports.com
664,subjective,651,0,3,0,8,2,0,0,0,0,2,0,1,1,0,0,0,1,1,17,msn.foxsports.com
665,subjective,452,0,0,0,0,0,0,0,0,0,0,0,0,0,0,4,3,1,1,17,msn.foxsports.com
666,objective,1210,0,6,2,12,3,1,0,0,0,3,0,0,0,0,17,4,1,1,31,msn.foxsports.com
667,subjective,2171,0,4,1,18,1,1,0,0,0,3,0,0,3,0,7,4,1,1,19,msn.foxsports.com
668,subjective,1136,0,8,0,14,1,0,0,1,0,2,0,0,6,0,4,5,1,1,13,msn.foxsports.com
669,subjective,1715,0,14,1,10,1,1,2,0,1,2,0,0,6,0,0,2,1,1,27,msn.foxsports.com
670,subjective,1335,0,7,0,3,2,1,2,0,0,5,0,3,0,0,23,4,1,1,16,msn.foxsports.com
671,subjective,1066,0,7,1,8,2,2,0,0,0,0,1,0,0,0,7,3,1,1,26,msn.foxsports.com
672,subjective,1675,0,10,0,7,4,4,2,0,1,4,0,2,3,0,5,10,1,1,12,msn.foxsports.com
673,subjective,552,0,3,0,5,0,0,0,0,0,3,0,0,1,0,1,9,1,1,13,msn.foxsports.com
674,subjective,1228,0,5,0,0,3,1,0,0,0,5,0,0,0,0,27,11,1,1,23,msn.foxsports.com
675,subjective,1577,0,8,1,15,1,1,0,0,0,3,2,0,3,0,5,2,1,1,11,msn.foxsports.com
676,subjective,1099,0,5,2,3,0,0,0,0,0,1,0,0,1,0,9,5,1,1,20,msn.foxsports.com
677,subjective,942,0,12,0,2,1,0,0,0,0,6,0,1,0,0,19,3,1,1,17,msn.foxsports.com
678,subjective,931,0,2,1,12,2,1,0,0,0,4,1,0,5,0,2,1,1,1,18,msn.foxsports.com
679,subjective,253,0,0,0,1,0,0,0,0,0,1,0,0,1,0,1,2,1,1,14,msn.foxsports.com
680,subjective,867,0,3,0,0,3,0,5,0,0,2,0,0,6,0,4,1,1,1,16,www.foxsportssouthwest.com
681,subjective,920,0,6,1,0,0,1,3,1,1,0,0,0,0,0,0,3,1,1,21,www.foxsportswest.com
682,subjective,997,0,5,1,0,1,0,4,0,0,1,0,0,0,0,5,7,1,1,23,www.foxsportswest.com
683,subjective,985,0,6,1,4,1,1,1,1,0,1,0,0,0,0,7,13,1,1,17,www.nba.com
684,subjective,1043,0,0,0,4,1,0,1,0,1,0,0,0,2,0,16,8,1,1,22,www.nba.com
685,objective,824,0,8,0,0,2,0,3,0,1,2,0,0,1,0,2,0,1,1,21,www.bbc.co.uk
686,subjective,956,0,3,3,2,1,0,0,0,0,0,0,0,1,0,1,17,1,1,19,www.nba.com
687,subjective,1073,0,3,0,0,1,0,3,0,0,0,0,0,0,0,15,3,1,1,18,www.nba.com
688,subjective,1317,0,2,0,10,3,0,0,0,0,0,0,3,1,0,8,6,1,1,21,www.tennis.com
689,subjective,580,0,4,0,1,1,0,0,0,0,3,0,2,5,0,11,3,1,1,14,worldsport.blogs.cnn.com
690,subjective,1639,0,11,0,20,0,1,0,0,0,8,0,2,9,0,18,9,1,1,15,msn.foxsports.com
691,objective,388,0,0,0,0,0,0,2,0,0,0,0,0,1,0,0,0,1,1,14,uk.eurosport.yahoo.com
692,subjective,1096,0,2,0,0,0,1,0,0,0,2,0,1,1,0,0,1,1,1,21,uk.eurosport.yahoo.com
693,subjective,922,0,2,3,0,0,0,0,0,0,7,1,0,1,0,5,4,0,1,16,www.skysports.com
694,subjective,1423,0,12,0,0,7,0,0,0,0,7,0,0,2,0,3,7,1,1,23,www.skysports.com
695,subjective,839,0,4,0,0,0,0,0,0,0,0,0,0,0,0,0,0,0,1,20,www.foxsportsdetroit.com
696,subjective,1019,0,3,0,4,2,3,0,0,0,2,0,0,2,0,5,4,1,1,31,msn.foxsports.com
697,subjective,738,0,4,1,8,3,0,0,0,0,1,0,0,0,0,0,0,1,1,25,msn.foxsports.com
698,objective,1448,0,7,1,0,2,0,13,0,1,0,1,0,1,0,2,1,1,1,22,msn.foxsports.com
699,subjective,946,0,4,0,4,2,0,1,0,0,1,0,0,0,0,6,14,1,1,19,www.nba.com
700,subjective,917,0,5,0,2,1,0,5,0,0,1,0,0,0,0,3,2,1,1,20,msn.foxsports.com
701,subjective,1469,0,4,0,5,3,7,0,0,0,7,0,0,1,0,1,1,1,1,20,msn.foxsports.com
702,subjective,457,0,0,0,4,2,0,0,0,0,0,1,2,1,0,1,0,1,1,25,thecommentaryboxblog.wordpress.com
703,subjective,1095,0,7,0,3,2,2,0,1,0,2,0,0,0,0,9,4,1,1,20,msn.foxsports.com
704,subjective,1150,0,0,0,4,3,0,0,0,0,1,0,0,0,0,2,3,1,1,23,msn.foxsports.com
705,subjective,788,0,1,0,6,2,1,0,0,0,1,0,0,0,0,0,2,1,1,18,msn.foxsports.com
706,subjective,2589,0,2,4,0,3,2,3,3,0,14,2,0,8,0,50,13,0,1,22,www.football365.com
707,subjective,794,0,8,1,2,0,0,0,0,0,0,0,0,0,0,9,5,1,1,20,www.nba.com
708,subjective,2965,0,9,5,0,4,1,1,1,0,12,4,3,7,0,23,19,1,1,17,www.football365.com
709,subjective,1678,0,4,1,14,4,2,0,0,0,4,0,4,6,0,3,4,1,1,17,msn.foxsports.com
710,subjective,661,0,1,0,10,0,0,0,1,0,0,2,0,0,0,2,1,1,1,20,www.dailystar.co.uk
711,subjective,3575,0,9,0,58,4,3,0,0,3,1,0,1,42,0,2,1,1,1,19,msn.foxsports.com
712,subjective,1509,0,5,0,0,3,0,0,0,0,9,1,4,1,0,3,11,1,1,26,www.skysports.com
713,subjective,1013,0,4,1,6,3,0,0,0,0,0,0,0,0,0,6,6,1,1,26,msn.foxsports.com
714,subjective,863,0,2,0,1,2,1,0,1,0,0,0,0,0,0,6,13,1,1,22,www.nba.com
715,subjective,1329,0,0,1,0,2,0,0,0,0,3,0,0,0,0,0,0,1,1,24,www.bbc.co.uk
716,subjective,242,0,0,0,0,1,0,2,0,0,0,0,0,5,0,0,0,1,1,18,msn.foxsports.com
717,subjective,683,0,9,0,2,1,0,0,0,0,1,0,0,0,0,5,4,1,1,13,msn.foxsports.com
718,subjective,959,0,3,0,0,0,1,2,0,0,7,0,0,1,0,3,5,1,1,14,msn.foxsports.com
719,subjective,1012,0,4,0,9,1,1,0,0,0,3,0,0,1,0,1,0,1,1,28,msn.foxsports.com
720,subjective,880,0,3,1,0,3,1,0,0,0,3,0,1,0,0,1,3,1,1,25,www.football365.com
721,subjective,950,0,11,0,4,1,0,0,0,1,1,1,0,0,0,2,3,1,1,16,msn.foxsports.com
722,subjective,102,0,1,0,0,0,0,0,0,0,0,0,0,0,0,0,0,1,1,20,www.foxsportsnorth.com
723,subjective,927,0,6,0,6,0,2,0,1,0,7,1,0,1,0,3,3,1,1,14,msn.foxsports.com
724,subjective,1069,0,1,1,2,2,0,1,0,0,0,0,1,0,0,9,19,0,1,18,www.nba.com
725,subjective,825,0,0,1,4,0,0,1,1,0,2,0,0,1,0,4,15,1,1,18,www.nba.com
726,subjective,199,0,0,0,0,0,0,0,0,0,0,0,0,0,0,0,0,1,1,18,msn.foxsports.com
727,subjective,1658,0,5,1,0,0,0,0,0,0,3,4,0,1,0,27,22,1,1,16,msn.foxsports.com
728,subjective,640,0,2,0,0,0,1,6,0,1,0,0,0,2,0,0,0,1,1,22,uk.reuters.com
729,subjective,1052,0,2,0,8,3,0,0,0,1,4,0,0,0,0,4,9,1,1,25,msn.foxsports.com
730,subjective,1141,0,1,3,16,4,0,0,0,0,1,1,0,1,0,5,10,1,1,30,www.nba.com
731,subjective,636,0,2,1,0,0,1,2,0,0,0,0,0,0,0,0,1,1,1,10,msn.foxsports.com
732,subjective,903,0,6,0,11,3,0,2,1,0,8,1,0,2,0,1,4,1,1,14,allball.blogs.nba.com
733,subjective,1155,0,6,2,8,3,2,0,0,0,8,0,2,0,0,10,1,1,1,18,msn.foxsports.com
734,subjective,323,0,1,2,3,0,0,0,0,0,0,0,0,0,0,3,1,1,1,19,msn.foxsports.com
735,subjective,1076,0,4,1,2,2,0,0,0,1,8,0,0,1,0,35,3,1,1,18,msn.foxsports.com
736,subjective,1545,0,7,1,13,3,2,0,0,0,1,1,1,3,0,18,12,1,1,39,msn.foxsports.com
737,subjective,748,0,2,0,9,2,0,0,0,0,4,0,2,1,0,12,0,1,1,16,msn.foxsports.com
738,subjective,1454,0,6,1,12,3,0,1,0,0,0,0,0,4,0,13,4,0,1,42,msn.foxsports.com
739,subjective,1538,0,4,2,16,4,0,0,2,0,6,1,0,2,0,1,3,1,1,22,msn.foxsports.com
740,subjective,506,0,3,1,2,0,0,0,0,0,0,0,0,0,0,0,1,1,1,26,msn.foxsports.com
741,subjective,1302,0,1,0,1,1,0,0,0,0,2,0,1,0,0,6,6,1,1,17,msn.foxsports.com
742,subjective,1140,0,4,1,8,0,0,0,0,0,3,0,0,1,0,6,6,1,1,15,msn.foxsports.com
743,subjective,840,0,1,1,4,2,0,0,0,0,3,0,0,2,0,4,8,0,1,30,msn.foxsports.com
744,subjective,112,0,0,0,0,0,0,2,0,0,0,0,0,0,0,2,0,1,1,9,uk.eurosport.yahoo.com
745,subjective,888,0,0,2,1,5,0,0,0,0,0,0,1,0,0,1,23,1,1,16,www.nba.com
746,subjective,1104,0,7,3,8,1,1,0,0,1,2,0,0,0,0,4,1,1,1,28,msn.foxsports.com
747,subjective,1494,0,6,1,0,3,6,12,0,0,7,0,1,9,0,2,4,1,1,18,www.foxsportsnorth.com
748,subjective,1175,0,3,0,3,3,4,0,0,0,5,0,0,0,0,30,0,1,1,17,msn.foxsports.com
749,subjective,473,0,0,0,1,0,0,0,0,0,6,0,0,4,0,2,3,1,1,21,www.athleticka.net
750,subjective,374,0,0,0,9,0,0,0,0,0,0,0,0,1,0,0,0,1,1,24,www.dailystar.co.uk
751,subjective,882,0,6,0,0,0,0,6,0,0,1,0,1,1,0,7,6,1,1,16,www.foxsportssouth.com
752,subjective,238,0,1,0,0,0,0,1,0,0,0,0,0,2,0,0,0,1,1,12,www.dailystar.co.uk
753,subjective,836,0,1,1,6,0,0,0,0,0,2,0,0,0,0,0,0,1,1,19,msn.foxsports.com
754,subjective,1327,0,4,2,7,0,0,0,0,0,8,0,0,2,0,7,9,1,1,17,msn.foxsports.com
755,subjective,897,0,4,0,0,3,0,0,0,0,0,3,4,3,0,26,5,1,1,23,msn.foxsports.com
756,subjective,671,0,3,0,2,4,0,0,0,0,0,0,0,3,0,18,2,1,1,15,msn.foxsports.com
757,subjective,930,0,1,0,4,0,0,0,0,0,3,0,5,0,0,0,2,1,1,31,msn.foxsports.com
758,subjective,636,0,0,1,0,0,1,1,0,0,5,1,0,1,0,1,4,1,1,15,www.football365.com
759,subjective,272,0,3,0,4,0,0,0,0,0,0,0,0,1,0,4,0,0,1,22,www.dailystar.co.uk
760,subjective,955,0,0,1,1,1,1,0,0,0,0,0,0,0,0,4,14,1,1,19,www.nba.com
761,subjective,333,0,2,0,4,0,0,0,0,0,1,0,0,5,0,3,2,1,1,33,www.dailystar.co.uk
762,subjective,710,0,0,1,0,3,0,0,1,1,1,0,0,0,0,7,8,1,1,22,www.nba.com
763,subjective,1239,0,8,1,12,0,0,0,0,0,1,0,0,0,0,0,7,1,1,17,msn.foxsports.com
764,subjective,2191,0,5,3,20,5,2,0,0,0,5,0,4,5,0,25,12,1,1,56,msn.foxsports.com
765,subjective,214,0,0,0,5,0,0,0,0,0,0,0,0,2,0,3,0,1,1,23,www.dailystar.co.uk
766,subjective,754,0,2,2,5,0,0,2,0,0,0,0,0,1,0,0,0,1,1,24,www.foxsportstennessee.com
767,subjective,1084,0,0,0,2,6,0,0,0,0,3,1,0,0,0,5,9,1,1,18,manutd.theoffside.com
768,subjective,243,0,1,0,0,0,0,0,0,0,0,0,0,0,0,0,0,1,1,22,msn.foxsports.com
769,subjective,1670,0,6,1,0,2,0,3,0,0,2,4,1,1,0,17,14,1,1,16,msn.foxsports.com
770,subjective,1003,0,2,0,5,3,0,0,0,0,2,0,2,1,0,2,4,1,1,18,msn.foxsports.com
771,subjective,1268,1,4,1,4,2,0,0,0,2,1,0,0,2,0,11,8,1,1,32,www.foxsportswest.com
772,subjective,622,0,1,0,3,2,1,0,0,0,4,0,0,2,0,7,7,1,1,31,www.dailystar.co.uk
773,subjective,1529,0,1,0,16,3,2,0,0,0,5,0,0,9,0,6,10,1,1,23,sportsrighting.com
774,subjective,697,0,4,0,11,1,0,0,0,0,0,0,0,0,0,0,0,1,1,23,www.dailystar.co.uk
775,subjective,453,0,2,0,3,0,0,0,0,0,3,0,0,0,0,0,3,1,1,22,msn.foxsports.com
776,subjective,1079,0,2,0,15,3,1,0,0,0,3,1,0,4,0,25,4,1,1,22,msn.foxsports.com
777,subjective,673,0,4,0,0,1,0,11,0,0,0,0,0,0,0,5,2,1,1,14,www.foxsportsdetroit.com
778,subjective,1295,0,1,2,10,2,0,11,0,0,3,0,1,2,0,2,4,1,1,13,msn.foxsports.com
779,subjective,984,0,1,2,4,3,0,0,0,0,1,0,0,0,0,5,12,1,1,28,msn.foxsports.com
780,subjective,1258,0,8,3,7,1,0,0,0,0,0,0,0,1,0,4,17,1,1,28,msn.foxsports.com
781,subjective,1018,0,6,1,0,4,0,0,0,0,0,0,0,0,0,0,0,0,1,28,msn.foxsports.com
782,subjective,264,0,5,0,0,0,1,3,0,1,0,0,0,3,0,0,0,1,1,15,edition.cnn.com
783,subjective,1481,0,8,1,17,3,0,0,1,0,0,2,0,1,0,16,11,1,1,32,msn.foxsports.com
784,subjective,864,0,7,0,0,0,1,6,1,0,0,0,0,5,0,6,5,1,1,16,www.foxsportssouthwest.com
785,subjective,1002,0,1,1,9,1,5,0,0,0,3,0,0,2,0,6,5,1,1,14,msn.foxsports.com
786,subjective,476,0,1,0,0,1,0,3,0,0,4,1,0,1,0,1,2,1,1,15,uk.eurosport.yahoo.com
787,subjective,700,0,5,1,6,2,0,0,0,0,0,1,0,0,0,15,3,1,0,26,msn.foxsports.com
788,subjective,1882,4,8,0,0,1,0,6,0,0,4,0,1,33,0,0,4,1,1,16,www.foxsportsflorida.com
789,subjective,870,0,3,1,3,0,0,0,0,0,1,0,0,1,0,12,3,1,1,27,msn.foxsports.com
790,subjective,1175,0,6,1,3,1,0,0,0,0,1,0,1,1,0,9,9,1,1,17,www.foxsportssouthwest.com
791,subjective,1032,0,11,0,0,2,0,1,0,0,1,0,0,0,0,1,2,1,1,26,network.yardbarker.com
792,subjective,1357,0,2,0,0,3,0,9,0,0,1,0,4,1,0,4,3,1,1,21,espn.go.com
793,subjective,856,0,1,3,0,0,1,0,0,0,0,0,0,0,0,7,12,1,1,20,www.nba.com
794,subjective,1275,0,5,0,19,0,3,0,0,0,4,0,0,0,0,4,4,1,1,14,msn.foxsports.com
795,subjective,982,0,4,0,10,2,2,0,0,0,6,2,0,2,0,11,9,1,1,17,msn.foxsports.com
796,subjective,1421,0,3,0,10,3,0,0,2,0,2,1,1,7,0,19,2,1,1,19,msn.foxsports.com
797,subjective,851,0,2,0,0,1,1,0,0,0,0,0,0,1,0,0,0,1,1,19,www.foxsportswisconsin.com
798,subjective,954,0,1,1,0,1,2,1,0,0,0,0,0,0,0,4,15,1,1,23,www.nba.com
799,subjective,665,0,11,2,1,1,0,0,0,0,3,3,0,2,0,9,6,1,1,16,msn.foxsports.com
800,subjective,1145,0,4,0,12,2,2,2,0,1,1,0,4,0,0,0,1,1,1,22,msn.foxsports.com
801,subjective,923,0,2,1,10,1,1,0,0,0,1,0,0,1,0,3,2,1,1,18,msn.foxsports.com
802,subjective,1104,0,2,2,6,1,0,1,0,0,2,0,0,5,0,18,11,1,1,14,msn.foxsports.com
803,subjective,1092,0,2,1,11,1,1,0,0,0,11,0,0,0,0,13,5,1,1,15,msn.foxsports.com
804,subjective,355,0,0,1,0,0,0,0,0,0,3,0,0,0,0,1,1,1,1,17,beardedwordslinger.wordpress.com
805,subjective,396,0,1,0,5,0,0,0,0,0,0,0,0,2,0,0,0,1,1,22,bet.unibet.com
806,subjective,813,0,2,0,5,3,1,0,0,0,2,0,1,2,0,6,1,1,1,15,msn.foxsports.com
807,subjective,934,0,1,0,0,4,1,6,0,1,0,0,0,3,0,1,1,1,1,18,articles.latimes.com
808,subjective,900,0,9,0,1,0,1,4,1,0,4,0,0,3,0,16,0,1,1,16,msn.foxsports.com
809,subjective,568,0,5,0,0,0,0,4,0,1,0,0,0,0,0,3,0,1,1,24,www.nba.com
810,subjective,754,0,4,0,6,3,0,1,0,0,0,0,0,1,0,1,0,1,1,18,hangtime.blogs.nba.com
811,subjective,984,0,6,0,5,1,0,0,0,2,2,1,1,1,0,5,1,1,1,37,msn.foxsports.com
812,subjective,1027,0,2,2,0,6,1,0,0,0,2,0,1,0,0,18,8,1,1,15,www.foxsportswest.com
813,subjective,1051,0,7,2,13,1,0,1,0,0,9,1,0,1,0,5,7,1,1,12,msn.foxsports.com
814,subjective,1094,0,0,1,14,1,3,1,0,0,1,0,1,3,0,5,3,1,1,20,msn.foxsports.com
815,subjective,769,0,6,0,4,2,1,0,0,0,2,0,0,1,0,3,4,1,1,19,msn.foxsports.com
816,subjective,482,0,1,0,0,3,1,2,0,1,0,0,0,1,0,0,0,1,1,20,uk.eurosport.yahoo.com
817,subjective,819,0,0,0,5,1,1,0,1,0,0,0,0,0,0,7,1,0,1,26,msn.foxsports.com
818,subjective,1336,3,6,0,15,0,1,0,0,0,0,0,0,1,0,1,2,1,1,31,msn.foxsports.com
819,subjective,364,0,1,0,0,0,1,0,0,0,2,0,0,1,0,2,3,1,1,19,network.yardbarker.com
820,subjective,1070,0,2,1,0,2,1,7,0,0,4,0,0,0,0,21,6,1,1,15,www.foxsportssouthwest.com
821,subjective,996,0,4,0,0,2,1,14,0,0,1,0,2,0,0,21,0,1,1,16,www.foxsportswest.com
822,subjective,702,0,2,0,0,1,0,0,0,0,1,0,0,0,0,12,1,1,1,22,blogs.telegraph.co.uk
823,subjective,933,0,3,3,0,1,0,1,0,1,0,0,0,0,0,12,13,1,1,21,www.nba.com
824,subjective,1445,0,6,0,9,1,0,0,0,0,0,0,0,0,0,24,10,0,1,25,www.nba.com
825,subjective,921,0,1,1,4,1,0,1,0,0,0,0,0,0,0,4,10,1,1,20,www.nba.com
826,subjective,2785,0,0,0,34,5,2,0,1,1,11,2,1,7,0,12,18,1,1,20,msn.foxsports.com
827,subjective,660,0,1,0,0,2,0,5,0,0,0,0,0,0,0,1,0,1,1,17,www.foxsportssouth.com
828,subjective,924,0,2,0,1,2,1,1,2,0,5,0,0,4,0,2,3,1,1,28,www.foxsportswest.com
829,subjective,1166,0,4,2,8,5,1,0,1,0,1,0,0,0,0,22,16,1,1,38,www.nba.com
830,subjective,282,0,0,0,0,0,1,0,0,0,1,0,0,0,0,0,1,0,1,16,network.yardbarker.com
831,subjective,1056,0,7,1,7,6,0,0,0,0,6,0,1,1,0,8,7,1,1,19,uk.eurosport.yahoo.com
832,subjective,970,0,6,0,3,0,0,0,0,1,3,0,0,1,0,22,11,1,1,48,www.wnba.com
833,subjective,1029,0,4,2,8,1,2,2,0,0,0,0,0,2,0,7,1,1,1,23,msn.foxsports.com
834,subjective,932,0,1,0,8,1,0,0,0,0,0,0,0,1,0,21,0,1,1,44,www.foxsportssouth.com
835,subjective,934,0,0,2,0,3,0,0,0,0,2,0,0,1,0,3,34,1,1,19,www.nba.com
836,subjective,854,0,10,0,0,1,0,8,0,1,1,0,0,0,0,6,3,1,1,16,www.foxsportsflorida.com
837,subjective,1913,0,3,3,27,4,2,0,0,0,5,0,0,5,0,7,4,1,1,13,msn.foxsports.com
838,subjective,740,0,0,0,0,0,2,0,0,0,0,0,0,0,0,0,0,1,1,29,www.football365.com
839,subjective,1064,0,3,0,0,2,0,0,0,0,7,0,0,0,0,29,0,1,1,21,msn.foxsports.com
840,subjective,459,0,4,0,0,0,0,0,0,0,0,0,0,0,0,0,0,1,1,19,msn.foxsports.com
841,subjective,1512,0,2,0,10,5,0,0,0,0,0,0,3,3,0,30,5,1,1,44,msn.foxsports.com
842,subjective,142,0,1,0,0,0,0,0,0,0,0,3,0,1,0,0,1,1,1,12,msn.foxsports.com
843,subjective,1153,0,6,0,0,3,1,1,0,0,3,0,0,6,0,0,1,1,1,22,www.foxsportssouthwest.com
844,subjective,573,0,2,0,6,2,1,0,0,0,0,0,0,0,0,1,0,1,1,22,msn.foxsports.com
845,subjective,1051,0,3,2,0,1,0,1,0,1,1,0,0,0,0,8,11,1,1,23,www.nba.com
846,subjective,1555,0,3,0,6,0,0,0,1,0,2,0,0,0,0,6,6,1,1,17,vigilantebaseball.com
847,subjective,650,0,3,0,0,1,0,1,0,0,0,0,0,3,0,1,0,1,1,19,www.sbs.com.au
848,subjective,1316,0,7,0,3,2,3,0,0,0,7,0,1,1,0,23,2,1,1,17,msn.foxsports.com
849,subjective,1684,0,10,1,13,1,1,0,0,0,1,0,0,2,0,25,5,1,1,17,msn.foxsports.com
850,subjective,1419,0,5,4,5,2,3,1,0,0,0,0,0,1,0,10,11,1,1,22,www.nba.com
851,subjective,886,0,3,0,0,1,0,0,0,0,1,0,0,0,0,0,4,1,1,18,www.foxsportssouthwest.com
852,subjective,1033,0,0,0,5,0,2,0,0,0,1,1,0,5,0,18,3,1,1,15,msn.foxsports.com
853,subjective,1093,0,4,0,0,3,0,5,0,0,4,0,0,2,0,7,7,0,1,14,www.foxsportssouthwest.com
854,subjective,942,0,2,1,1,0,0,0,0,0,3,0,0,1,0,5,11,1,1,18,www.nba.com
855,subjective,1489,0,11,2,4,3,0,0,0,0,3,3,0,4,0,20,9,1,1,26,msn.foxsports.com
856,subjective,1658,0,7,0,6,0,2,0,0,0,3,0,0,0,0,5,2,1,1,17,msn.foxsports.com
857,subjective,1566,0,7,1,0,5,2,0,0,1,1,0,0,15,0,0,0,1,1,20,msn.foxsports.com
858,subjective,1146,0,4,0,1,2,0,0,0,0,0,0,0,1,0,13,12,1,1,18,www.nba.com
859,subjective,813,0,0,0,2,0,0,0,0,0,1,0,3,0,0,4,8,1,1,20,uk.eurosport.yahoo.com
860,subjective,1162,0,2,1,6,1,0,1,1,0,5,0,3,3,0,3,7,1,1,19,msn.foxsports.com
861,subjective,186,0,0,0,0,0,0,0,0,0,0,0,0,1,0,0,0,1,1,8,foxsportsfantasybuzz.yardbarker.com
862,subjective,595,0,1,1,0,1,0,0,0,0,1,4,0,2,0,0,2,1,1,14,msn.foxsports.com
863,subjective,952,0,0,0,3,4,1,0,0,1,0,6,0,1,0,8,3,1,1,32,www.wnba.com
864,subjective,819,0,0,0,5,2,0,0,2,0,3,0,2,1,0,15,6,1,1,19,msn.foxsports.com
865,subjective,1043,0,0,2,0,1,0,1,0,0,0,2,1,0,0,25,3,1,1,23,www.huffingtonpost.com
866,subjective,799,0,5,0,0,0,1,5,0,0,0,0,0,2,0,1,6,1,1,14,www.foxsportssouthwest.com
867,subjective,1875,5,8,2,0,1,1,0,0,0,6,0,2,2,0,7,2,1,1,25,www.guardian.co.uk
868,subjective,937,0,4,2,7,0,0,1,2,1,7,0,0,3,0,3,2,1,1,15,msn.foxsports.com
869,subjective,748,0,1,0,1,1,0,0,0,0,0,0,0,1,0,5,8,1,1,24,www.nba.com
870,subjective,812,0,8,0,4,2,0,0,0,0,0,0,0,1,0,1,17,1,1,21,www.nba.com
871,subjective,837,0,12,1,0,0,1,2,0,0,8,0,0,0,0,1,1,1,1,14,www.foxsportskansascity.com
872,subjective,1070,0,2,1,0,2,1,1,0,0,5,0,1,1,0,1,3,1,1,22,www.football365.com
873,subjective,669,0,3,0,0,1,0,9,0,0,0,0,0,0,0,10,5,0,1,15,www.foxsportswisconsin.com
874,subjective,1025,0,0,3,7,10,0,0,0,0,2,0,0,0,0,1,0,1,1,31,uk.eurosport.yahoo.com
875,subjective,2238,0,5,1,0,4,1,4,1,2,20,6,7,2,0,9,44,1,1,18,www.football365.com
876,subjective,852,0,0,2,0,0,1,1,0,0,1,0,0,0,0,5,15,1,1,20,www.nba.com
877,subjective,2442,0,7,2,0,3,7,11,1,3,5,0,9,5,0,1,9,1,1,19,www.grantland.com
878,subjective,489,0,4,0,0,0,1,3,0,0,0,0,0,0,0,0,0,1,1,19,edition.cnn.com
879,subjective,551,0,3,2,0,0,1,0,0,0,0,0,0,1,0,0,1,1,1,22,tennisjournalist.blogspot.com
880,subjective,312,0,0,0,2,0,0,0,0,0,0,0,0,0,0,11,0,1,1,24,msn.foxsports.com
881,subjective,1821,0,10,0,0,4,1,2,0,0,6,0,0,4,0,2,3,1,1,23,www.football365.com
882,subjective,662,0,2,0,0,2,0,0,0,0,1,0,1,2,0,6,1,1,1,17,www.foxsportssouthwest.com
883,subjective,612,0,1,3,1,0,1,0,0,0,1,0,0,1,0,5,6,1,1,20,msn.foxsports.com
884,subjective,635,0,7,0,0,2,0,3,1,0,0,0,0,0,0,0,0,1,1,15,www.foxsportsmidwest.com
885,subjective,874,0,0,1,4,6,1,0,0,0,6,0,0,0,0,18,11,1,1,14,msn.foxsports.com
886,subjective,914,0,1,0,0,4,0,2,0,0,0,0,2,0,0,0,2,1,1,16,www.foxsportssouthwest.com
887,subjective,660,0,1,0,0,0,2,3,0,0,0,4,0,1,0,12,4,0,1,14,espn.go.com
888,subjective,1010,0,5,1,3,4,0,1,0,0,2,0,0,3,0,12,3,1,1,19,msn.foxsports.com
889,subjective,1220,0,6,0,4,1,1,0,0,1,7,0,0,0,0,15,1,1,1,18,msn.foxsports.com
890,subjective,1203,0,8,0,0,1,0,3,0,0,0,0,0,0,0,1,9,1,1,20,blogs.bulls.com
891,subjective,1521,0,2,0,0,4,0,11,0,0,2,0,1,3,0,2,5,1,1,14,uk.eurosport.yahoo.com
892,subjective,1090,0,4,1,0,4,1,2,0,1,0,1,0,2,0,6,17,1,1,17,www.nba.com
893,subjective,496,0,3,0,0,1,0,7,1,0,0,0,0,0,0,2,2,1,1,14,www.foxsportsflorida.com
894,subjective,2217,0,19,1,0,1,1,2,0,0,11,0,1,4,0,13,10,1,1,11,msn.foxsports.com
895,subjective,791,0,0,0,1,1,0,0,0,0,0,0,0,1,0,3,10,1,1,19,www.nba.com
896,subjective,1047,0,5,1,0,1,0,5,0,0,7,0,0,3,0,11,5,1,1,17,www.football365.com
897,subjective,636,0,3,0,0,0,2,4,0,1,0,0,0,1,0,5,1,0,1,15,www.foxsportswest.com
898,subjective,471,0,4,0,0,0,1,5,0,0,1,0,0,0,0,3,4,1,1,16,msn.foxsports.com
899,subjective,1116,0,7,0,0,1,3,9,0,0,1,0,1,1,0,12,3,1,1,24,www.foxsportssouthwest.com
900,subjective,918,0,2,0,7,1,3,0,1,1,3,0,3,1,0,4,3,1,1,25,msn.foxsports.com
901,subjective,704,0,1,0,0,2,0,8,0,0,2,0,0,0,0,3,4,0,1,16,www.foxsportsarizona.com
902,subjective,1141,0,15,0,0,1,1,0,0,0,1,1,0,4,0,3,2,1,1,25,www.dailymail.co.uk
903,subjective,810,0,2,1,6,2,0,1,0,0,1,0,1,0,0,11,5,0,1,73,msn.foxsports.com
904,subjective,505,0,5,0,0,1,1,0,0,0,0,0,0,0,0,1,2,1,1,18,www.nba.com
905,subjective,1522,0,10,1,0,1,2,5,0,0,7,1,0,2,0,2,4,1,1,21,www.foxsportswest.com
906,subjective,1055,0,2,0,0,1,0,0,0,1,0,0,0,1,0,0,1,1,1,19,www.football365.com
907,subjective,717,0,0,0,7,2,0,0,0,0,3,0,0,3,0,0,1,1,1,19,msn.foxsports.com
908,subjective,814,0,1,0,4,2,0,1,0,0,1,0,0,0,0,10,18,1,1,23,www.nba.com
909,subjective,781,0,1,2,0,2,0,0,0,0,0,0,4,11,0,1,5,1,1,22,www.football365.com
910,subjective,359,0,0,0,0,0,0,1,0,0,1,0,0,4,0,3,0,1,1,16,www.rantsports.com
911,subjective,903,0,1,2,0,2,0,0,0,0,1,0,1,1,0,9,1,1,1,18,www.football365.com
912,subjective,552,0,0,0,2,0,0,1,0,0,4,1,0,4,0,0,0,1,1,18,espn.go.com
913,subjective,1418,0,2,1,0,7,0,1,0,0,0,0,0,0,0,19,7,1,1,19,www.nba.com
914,subjective,1396,0,4,1,18,6,0,0,0,1,6,0,0,6,0,9,3,1,1,15,msn.foxsports.com
915,subjective,908,0,1,0,0,1,0,0,0,0,4,2,0,3,0,10,14,1,1,16,msn.foxsports.com
916,subjective,666,0,5,1,0,2,0,2,0,0,1,0,0,1,0,1,0,1,1,23,www.foxsportswest.com
917,subjective,4283,0,1,3,0,5,1,15,0,0,4,0,5,6,0,2,28,1,1,22,www.foxsportsnorth.com
918,subjective,686,0,8,0,0,0,1,4,0,0,1,0,0,0,0,0,0,0,1,18,www.foxsportswest.com
919,subjective,883,0,1,0,0,1,0,0,0,0,0,0,0,0,0,0,1,1,1,17,msn.foxsports.com
920,subjective,837,0,7,0,0,2,2,12,0,0,1,0,1,0,0,1,0,1,1,11,www.foxsportsohio.com
921,subjective,885,0,4,0,0,0,1,6,0,0,1,0,0,1,0,3,6,1,1,19,www.foxsportswest.com
922,subjective,2176,0,12,0,0,1,6,0,0,0,5,0,0,5,0,0,0,0,1,17,network.yardbarker.com
923,subjective,1077,0,5,2,2,2,1,0,0,0,2,1,0,1,0,1,2,1,1,13,msn.foxsports.com
924,subjective,938,0,0,0,11,4,4,0,0,0,3,2,0,1,0,0,0,0,1,21,msn.foxsports.com
925,subjective,1038,0,4,1,0,1,2,0,0,0,8,1,0,0,0,6,7,1,1,15,msn.foxsports.com
926,subjective,466,0,1,0,0,1,1,1,0,1,0,0,0,0,0,1,1,1,1,16,uk.eurosport.yahoo.com
927,subjective,624,0,1,0,0,0,0,0,0,0,0,0,0,4,0,0,0,1,1,31,uk.eurosport.yahoo.com
928,subjective,1459,0,1,0,4,0,2,0,0,0,3,0,0,2,0,10,2,1,1,21,msn.foxsports.com
929,subjective,909,0,10,1,7,3,1,0,0,0,1,0,0,2,0,8,3,1,1,21,www.foxsportsdetroit.com
930,subjective,1106,0,2,2,10,2,0,0,0,0,2,0,0,0,0,8,5,1,1,16,msn.foxsports.com
931,subjective,731,0,0,1,2,1,0,0,0,0,0,0,0,1,0,8,8,1,1,21,www.nba.com
932,subjective,1088,0,0,0,0,0,0,2,0,0,2,1,0,1,0,8,0,1,1,16,www.wnba.com
933,subjective,865,0,3,0,3,1,0,1,0,1,0,0,2,1,0,1,2,1,1,24,msn.foxsports.com
934,subjective,459,0,2,2,0,0,0,2,0,0,0,0,0,1,0,2,0,1,1,25,msn.foxsports.com
935,subjective,194,0,1,0,0,1,0,2,0,0,0,0,0,3,0,0,0,1,1,7,www.dailystar.co.uk
936,subjective,900,0,2,1,0,0,3,3,0,0,0,0,0,0,0,2,2,1,1,16,blogs.telegraph.co.uk
937,subjective,834,0,5,0,0,0,0,0,0,0,1,0,0,1,0,14,6,1,1,14,msn.foxsports.com
938,subjective,109,0,0,0,0,0,0,0,0,0,0,0,0,0,0,0,0,1,1,12,www.dailystar.co.uk
939,subjective,767,0,6,2,0,0,0,0,0,0,1,0,0,0,0,2,1,1,1,16,www.foxsportstennessee.com
940,subjective,930,0,1,2,0,7,1,1,0,0,0,0,0,0,0,6,13,1,1,21,www.nba.com
941,subjective,1099,0,6,0,0,3,2,17,0,0,9,1,3,3,0,1,2,1,1,19,msn.foxsports.com
942,subjective,752,0,3,1,0,1,2,1,0,0,0,4,0,1,0,8,6,1,1,16,msn.foxsports.com
943,subjective,746,0,1,1,0,2,1,1,0,0,2,0,0,0,0,1,2,1,1,18,www.foxsportsohio.com
944,subjective,930,0,8,1,0,3,0,4,0,0,2,0,0,6,0,7,7,0,1,15,www.foxsportssouthwest.com
945,subjective,1040,0,4,1,0,0,0,6,0,0,1,0,0,4,0,2,0,1,1,21,edition.cnn.com
946,subjective,655,0,10,0,3,1,0,8,0,0,0,0,0,0,0,9,2,1,1,16,www.foxsportswest.com
947,subjective,580,0,2,0,0,0,1,5,0,1,0,0,0,1,0,0,0,1,1,21,uk.eurosport.yahoo.com
948,subjective,231,0,3,0,0,0,0,2,0,0,0,0,1,1,0,0,0,1,1,12,www.sportinglife.com
949,subjective,129,0,3,0,0,0,0,0,0,0,0,0,0,0,0,0,0,0,1,11,msn.foxsports.com
950,subjective,833,0,7,0,0,5,2,2,0,0,1,0,0,2,0,7,5,1,1,16,www.foxsportssouthwest.com
951,subjective,654,0,1,0,0,2,0,0,0,0,0,0,0,4,0,12,2,1,1,19,www.dailystar.co.uk
952,subjective,478,0,2,0,0,0,0,0,0,0,0,1,0,0,0,0,0,0,1,22,msn.foxsports.com
953,subjective,921,0,3,0,0,1,1,0,0,0,2,0,1,4,0,2,2,0,1,21,msn.foxsports.com
954,subjective,1164,0,2,0,0,5,1,0,0,0,0,0,0,5,0,0,0,1,1,25,www.foxsportswest.com
955,subjective,1300,0,11,0,0,0,0,15,1,1,8,1,0,7,0,11,14,1,1,11,edition.cnn.com
956,subjective,2965,0,9,5,0,4,1,1,1,0,12,4,3,7,0,23,19,1,1,17,www.football365.com
957,subjective,775,0,1,0,0,1,1,0,0,0,3,0,2,3,0,0,3,1,1,20,uk.eurosport.yahoo.com
958,subjective,867,0,1,0,0,1,0,0,0,0,0,0,0,0,0,7,11,1,1,21,www.nba.com
959,subjective,434,0,1,0,0,1,0,1,0,0,0,0,0,1,0,5,3,1,1,14,network.yardbarker.com
960,subjective,260,0,0,0,0,0,0,0,0,0,1,0,0,2,0,0,1,1,1,17,www.dailystar.co.uk
961,subjective,936,0,0,2,0,5,1,5,0,0,3,0,0,0,0,4,8,1,1,18,www.foxsportssouthwest.com
962,subjective,76,0,0,0,0,0,0,0,0,0,0,0,0,1,0,0,0,1,1,9,uk.eurosport.yahoo.com
963,subjective,876,0,3,1,0,3,1,0,0,0,0,0,0,0,0,5,9,0,1,19,www.nba.com
964,subjective,1019,0,9,0,2,0,2,0,0,0,2,0,0,6,0,2,0,1,1,19,msn.foxsports.com
965,subjective,1200,0,6,0,0,3,1,9,0,0,0,0,2,4,0,3,5,1,1,14,espn.go.com
966,subjective,1535,0,7,1,0,2,1,1,1,0,0,0,0,1,0,19,7,1,1,18,www.wnba.com
967,subjective,1861,0,2,0,0,2,2,1,0,0,9,0,2,5,0,17,9,1,1,18,msn.foxsports.com
968,subjective,890,0,5,0,4,0,0,0,0,0,4,0,0,1,0,11,2,1,1,14,msn.foxsports.com
969,subjective,1003,0,2,0,0,1,1,3,0,1,1,0,2,6,0,8,9,1,1,25,www.guardian.co.uk
970,subjective,191,0,0,0,0,0,0,0,0,0,0,0,0,0,0,0,0,1,1,23,www.sportinglife.com
971,subjective,984,0,1,0,0,1,1,7,0,0,10,0,2,1,0,4,7,1,1,13,www.foxsportssouthwest.com
972,subjective,1475,0,7,0,0,3,0,2,0,0,10,0,0,6,0,9,15,0,1,17,www.tennis.com
973,subjective,1111,0,5,0,0,4,0,0,0,0,4,2,0,3,0,4,8,1,1,16,msn.foxsports.com
974,subjective,419,3,4,0,0,0,1,1,0,0,1,0,0,1,0,0,0,1,1,17,www.yardbarker.com
975,subjective,1174,0,6,1,0,3,3,1,1,0,6,0,3,1,0,13,0,0,1,19,msn.foxsports.com
976,subjective,279,0,4,0,0,0,0,2,0,0,4,0,0,0,0,0,0,1,1,10,www.dailystar.co.uk
977,subjective,1366,0,4,1,0,0,1,3,0,0,3,0,0,7,0,6,2,1,1,15,msn.foxsports.com
978,subjective,856,0,0,0,0,4,0,2,0,1,0,0,1,0,0,8,0,1,1,17,www.guardian.co.uk
979,subjective,883,0,5,1,0,0,0,1,0,0,1,0,0,0,0,13,7,1,1,22,www.wnba.com
980,subjective,954,0,2,0,0,1,0,0,0,0,5,4,3,2,0,4,5,1,1,19,www.skysports.com
981,subjective,741,0,0,0,0,0,2,0,0,0,0,0,0,0,0,0,0,1,1,29,www.football365.com
982,subjective,999,0,1,0,0,3,0,6,0,0,4,0,0,9,0,12,12,0,1,18,msn.foxsports.com
983,subjective,803,0,1,0,0,2,0,0,0,0,1,0,0,0,0,4,9,1,1,19,www.nba.com
984,subjective,2238,0,5,1,0,4,1,4,1,2,20,6,7,2,0,9,44,1,1,18,www.football365.com
985,subjective,1222,0,2,2,0,6,0,3,0,0,3,0,0,1,0,5,1,1,1,21,www.football365.com
986,subjective,2809,0,0,2,0,6,0,0,0,1,3,0,15,23,0,9,4,1,1,35,www.swishappeal.com
987,subjective,915,0,0,1,0,4,1,2,0,0,1,0,0,1,0,6,25,1,1,21,www.nba.com
988,subjective,624,0,0,0,0,1,0,0,0,0,4,1,0,0,0,18,1,1,1,21,msn.foxsports.com
989,subjective,602,0,1,1,0,0,1,0,0,0,3,0,0,2,0,2,3,1,1,18,msn.foxsports.com
990,subjective,955,0,2,1,0,5,1,5,0,1,0,0,4,7,0,0,5,1,1,17,www.guardian.co.uk
991,subjective,929,0,4,1,0,0,2,0,0,0,2,0,8,9,0,8,1,1,1,14,urbantennis.wordpress.com
992,subjective,625,0,4,1,0,1,0,0,0,0,0,0,0,1,0,0,0,1,1,21,www.dailystar.co.uk
993,subjective,326,0,2,0,0,0,0,1,0,0,3,0,1,1,0,0,0,1,1,15,www.rantsports.com
994,subjective,1133,0,17,1,0,1,2,0,0,0,3,0,1,6,0,6,3,1,1,18,msn.foxsports.com
995,subjective,926,0,0,1,0,2,3,0,0,0,0,0,0,0,0,1,16,1,1,24,www.nba.com
996,subjective,876,0,1,6,0,2,0,0,0,0,2,0,0,0,0,4,8,1,1,21,www.nba.com
997,subjective,1469,0,2,0,0,0,1,0,0,0,9,0,0,4,0,19,9,1,1,18,www.foxsportswest.com
998,subjective,343,0,0,0,0,0,1,7,0,0,0,1,0,0,0,2,0,1,1,11,www.football365.com
999,subjective,823,0,9,1,0,2,0,1,0,0,0,0,4,0,0,2,9,1,1,23,www.nba.com
